[Header],,,,,,,,,
IEMFileVersion,4,,,,,,,,
Investigator Name,Pascha Hokama,,,,,,,,
Experiment Name,POLAR_CHOP_MisC_08052020,,,,,,,,
Date,POLAR_CHOP_MisC_08052020,,,,,,,,
Workflow,GenerateFASTQ,,,,,,,,
Application,FASTQ Only,,,,,,,,
Assay,Nextera XT,,,,,,,,
Description,POLAR_CHOP_MisC_08052020,,,,,,,,
Chemistry,Amplicon,,,,,,,,
,,,,,,,,,
[Reads],,,,,,,,,
251,,,,,,,,,
251,,,,,,,,,
,,,,,,,,,
[Settings],,,,,,,,,
ReverseComplement,0,,,,,,,,
Adapter,CTGTCTCTTATACACATCT,,,,,,,,
,,,,,,,,,
[Data],,,,,,,,,
Sample_ID,Sample_Name,Sample_Plate,Sample_Well,I7_Index_ID,index,I5_Index_ID,index2,Sample_Project,Description
VSP0282-1,VSP0282-1,,,N701-A,TAAGGCGA,S505-A,GTAAGGAG,,
VSP0283-1,VSP0283-1,,,N702-A,CGTACTAG,S506-A,ACTGCATA,,
VSP0284-1,VSP0284-1,,,N703-A,AGGCAGAA,S507-A,AAGGAGTA,,
VSP0285-1,VSP0285-1,,,N704-A,TCCTGAGC,S508-A,CTAAGCCT,,
VSP0286-1,VSP0286-1,,,N705-A,GGACTCCT,S510-A,CGTCTAAT,,
VSP0287-1,VSP0287-1,,,N706-A,TAGGCATG,S511-A,TCTCTCCG,,
VSP0288-1,VSP0288-1,,,N707-A,CTCTCTAC,S502-A,CTCTCTAT,,
VSP0289-1,VSP0289-1,,,N710-A,CGAGGCTG,S503-A,TATCCTCT,,
VSP0290-1,VSP0290-1,,,N711-A,AAGAGGCA,S505-A,GTAAGGAG,,
VSP0291-1,VSP0291-1,,,N712-A,GTAGAGGA,S506-A,ACTGCATA,,
VSP0292-1,VSP0292-1,,,N714-A,GCTCATGA,S507-A,AAGGAGTA,,
VSP0293-1,VSP0293-1,,,N715-A,ATCTCAGG,S508-A,CTAAGCCT,,
VSP0294-1,VSP0294-1,,,N716-A,ACTCGCTA,S510-A,CGTCTAAT,,
VSP0295-1,VSP0295-1,,,N718-A,GGAGCTAC,S511-A,TCTCTCCG,,
VSP0296-1,VSP0296-1,,,N719-A,GCGTAGTA,S502-A,CTCTCTAT,,
VSP0297-1,VSP0297-1,,,N720-A,CGGAGCCT,S503-A,TATCCTCT,,
VSP9998-1,VSP9998-1,,,N721-A,TACGCTGC,S502-A,CTCTCTAT,,
