strain	virus	date	pangolin_lineage	GISAID_clade	country_exposure	division_exposure	period	source
197|ETA|20200330	SARS-CoV-2	2020-03-30	X	X	USA	Pennsylvania	C	Philadelphia
203|ETA|20200408	SARS-CoV-2	2020-04-08	X	X	USA	Pennsylvania	C	Philadelphia
209|ETA|20200408	SARS-CoV-2	2020-04-08	X	X	USA	Pennsylvania	C	Philadelphia
210|ETA|20200408	SARS-CoV-2	2020-04-08	X	X	USA	Pennsylvania	C	Philadelphia
211|ETA|20200413	SARS-CoV-2	2020-04-13	X	X	USA	Pennsylvania	C	Philadelphia
211-TCE|ETA|20200413	SARS-CoV-2	2020-04-13	X	X	USA	Pennsylvania	C	Philadelphia
211-TCE|OP|20200413	SARS-CoV-2	2020-04-13	X	X	USA	Pennsylvania	C	Philadelphia
213|ETA|20200415	SARS-CoV-2	2020-04-15	X	X	USA	Pennsylvania	C	Philadelphia
222-TCE|NP|20200417	SARS-CoV-2	2020-04-17	X	X	USA	Pennsylvania	C	Philadelphia
222-TCE|OP|20200420	SARS-CoV-2	2020-04-20	X	X	USA	Pennsylvania	C	Philadelphia
223-TCE|OP|20200417	SARS-CoV-2	2020-04-17	X	X	USA	Pennsylvania	C	Philadelphia
227|OP|20200422	SARS-CoV-2	2020-04-22	X	X	USA	Pennsylvania	C	Philadelphia
228|NP|20200422	SARS-CoV-2	2020-04-22	X	X	USA	Pennsylvania	C	Philadelphia
235|NP-OP|20200424	SARS-CoV-2	2020-04-24	X	X	USA	Pennsylvania	C	Philadelphia
238|NP|20200429	SARS-CoV-2	2020-04-29	X	X	USA	Pennsylvania	C	Philadelphia
239|NP|20200429	SARS-CoV-2	2020-04-29	X	X	USA	Pennsylvania	C	Philadelphia
240|NP-OP|20200501	SARS-CoV-2	2020-05-01	X	X	USA	Pennsylvania	C	Philadelphia
242|ETA|20200504	SARS-CoV-2	2020-05-04	X	X	USA	Pennsylvania	C	Philadelphia
247|NP-OP|20200501	SARS-CoV-2	2020-05-01	X	X	USA	Pennsylvania	C	Philadelphia
251|ETA|20200506	SARS-CoV-2	2020-05-06	X	X	USA	Pennsylvania	C	Philadelphia
251|NP-OP|20200504	SARS-CoV-2	2020-05-04	X	X	USA	Pennsylvania	C	Philadelphia
251|NP-OP|20200506	SARS-CoV-2	2020-05-06	X	X	USA	Pennsylvania	C	Philadelphia
257|NP-OP|20200508	SARS-CoV-2	2020-05-08	X	X	USA	Pennsylvania	C	Philadelphia
261|ETA|20200515	SARS-CoV-2	2020-05-15	X	X	USA	Pennsylvania	C	Philadelphia
262|NP-OP|20200515	SARS-CoV-2	2020-05-15	X	X	USA	Pennsylvania	C	Philadelphia
263|ETA|20200515	SARS-CoV-2	2020-05-15	X	X	USA	Pennsylvania	C	Philadelphia
263|NP-OP|20200515	SARS-CoV-2	2020-05-15	X	X	USA	Pennsylvania	C	Philadelphia
266|NP-OP|20200520	SARS-CoV-2	2020-05-20	X	X	USA	Pennsylvania	C	Philadelphia
266|NP-OP|20200522	SARS-CoV-2	2020-05-22	X	X	USA	Pennsylvania	C	Philadelphia
269|ETA|20200527	SARS-CoV-2	2020-05-27	X	X	USA	Pennsylvania	C	Philadelphia
272|ETA|20200529	SARS-CoV-2	2020-05-29	X	X	USA	Pennsylvania	C	Philadelphia
290|NP-OP|20200629	SARS-CoV-2	2020-06-29	X	X	USA	Pennsylvania	C	Philadelphia
290|NP-OP|20200701	SARS-CoV-2	2020-07-01	X	X	USA	Pennsylvania	C	Philadelphia
307|NP-OP|20200717	SARS-CoV-2	2020-07-17	X	X	USA	Pennsylvania	C	Philadelphia
USA-WA1-2020-TCE|NP-OP|20200328	SARS-CoV-2	2020-03-28	X	X	USA	Pennsylvania	C	Philadelphia
HongKong/HKU-907a/2020	SARS-CoV-2	2020-01-27	A	S	Hong Kong	Hong Kong	C	Non-USA
Japan/TY-WK-501/2020	SARS-CoV-2	2020-01-31	A	S	Japan	Tokyo	C	Non-USA
Singapore/15/2020	SARS-CoV-2	2020-01-27	A	S	Singapore	Singapore	C	Non-USA
USA/AZ1/2020	SARS-CoV-2	2020-01-22	A	S	China	Hubei	C	Non-USA
Ganzhou/JX81/2020	SARS-CoV-2	2020-01-25	A	S	China	Jiangxi	C	Non-USA
Taiwan/3/2020	SARS-CoV-2	2020-01-24	A	S	Taiwan	Taiwan	C	Non-USA
Taiwan/NTU01/2020	SARS-CoV-2	2020-01-31	A	S	China	Hubei	C	Non-USA
Wuhan/0126-C106/2020	SARS-CoV-2	2020-01-26	A	S	China	Hubei	C	Non-USA
Sichuan/SC-WCH4-287/2020	SARS-CoV-2	2020-01-30	A	O	China	Sichuan	C	Non-USA
Australia/NSW04/2020	SARS-CoV-2	2020-01-24	A	S	Australia	New South Wales	C	Non-USA
England/02/2020	SARS-CoV-2	2020-01-29	A	S	China	Hubei	C	Non-USA
England/01/2020	SARS-CoV-2	2020-01-29	A	S	China	Hubei	C	Non-USA
Shanghai/SH0035/2020	SARS-CoV-2	2020-01-30	A	S	China	Shanghai	C	Non-USA
Yunnan/IVDC-YN-003/2020	SARS-CoV-2	2020-01-17	A	S	China	Yunnan	C	Non-USA
USA/CA1/2020	SARS-CoV-2	2020-01-23	A	S	China	Hubei	C	Non-USA
India/1-31/2020	SARS-CoV-2	2020-01-31	A	S	China	China	C	Non-USA
Malaysia/MKAK-CL-2020-5096/2020	SARS-CoV-2	2020-01-30	A	S	Malaysia	Selangor	C	Non-USA
Singapore/20/2020	SARS-CoV-2	2020-01-29	A	S	Singapore	Singapore	C	Non-USA
HongKong/HKU-001a/2020	SARS-CoV-2	2020-01-22	A	S	Hong Kong	Hong Kong	C	Non-USA
Malaysia/IMR_WC119/2020	SARS-CoV-2	2020-01-30	A	S	Malaysia	Selangor	C	Non-USA
Shanghai/SH0009/2020	SARS-CoV-2	2020-01-29	A	S	China	Shanghai	C	Non-USA
Australia/VIC13/2020	SARS-CoV-2	2020-01-31	A	S	Australia	Victoria	C	Non-USA
HongKong/VM20001061-2/2020	SARS-CoV-2	2020-01-22	A	S	Hong Kong	Hong Kong	C	Non-USA
Australia/QLD01/2020	SARS-CoV-2	2020-01-28	A	S	China	Hubei	C	Non-USA
SouthKorea/KCDC07/2020	SARS-CoV-2	2020-01-31	A	S	South Korea	Seoul	C	Non-USA
SouthKorea/KCDC2002/2020	SARS-CoV-2	2020-01-30	A	S	South Korea	South Korea	C	Non-USA
Australia/NSW01/2020	SARS-CoV-2	2020-01-24	A	S	China	Hubei	C	Non-USA
Japan/TY-WK-521/2020	SARS-CoV-2	2020-01-31	A	S	Japan	Tokyo	C	Non-USA
SouthKorea/KCDC06/2020	SARS-CoV-2	2020-01-30	A	S	South Korea	Seoul	C	Non-USA
Australia/QLD02/2020	SARS-CoV-2	2020-01-30	A	S	Australia	Queensland	C	Non-USA
SouthKorea/KCDC03/2020	SARS-CoV-2	2020-01-25	A	S	South Korea	Gyeonggi Province	C	Non-USA
Wuhan/WHUH020/2020	SARS-CoV-2	2020-01-22	A	S	China	Hubei	C	Non-USA
Singapore/466/2020	SARS-CoV-2	2020-01-31	A	S	Singapore	Singapore	C	Non-USA
SouthKorea/KCDC2062/2020	SARS-CoV-2	2020-01-31	A	S	South Korea	South Korea	C	Non-USA
USA/IL2/2020	SARS-CoV-2	2020-01-28	A.3	S	China	Hubei	C	Non-USA
Thailand/Bangkok_238/2020	SARS-CoV-2	2020-01-31	A.6	S	Thailand	Bangkok	C	Non-USA
Thailand/SI200468-NT/2020	SARS-CoV-2	2020-01-25	A.6	S	Thailand	Thailand	C	Non-USA
Thailand/SI203285-NT/2020	SARS-CoV-2	2020-01-23	A.6	S	Thailand	Thailand	C	Non-USA
Vietnam/19-02S/2020	SARS-CoV-2	2020-01-22	B	L	Vietnam	Ho Chi Minh City	C	Non-USA
Thailand/NIH-162/2020	SARS-CoV-2	2020-01-22	B	L	Thailand	Samut Prakarn	C	Non-USA
USA/IL1/2020	SARS-CoV-2	2020-01-21	B	O	China	Hubei	C	Non-USA
Canada/ON_ON-VIDO-01-2/2020	SARS-CoV-2	2020-01-23	B	L	Canada	Ontario	C	Non-USA
Thailand/Nonthaburi_68/2020	SARS-CoV-2	2020-01-15	B	L	Thailand	Nonthaburi	C	Non-USA
Jiangsu/IVDC-JS-001/2020	SARS-CoV-2	2020-01-19	B	L	China	Jiangsu	C	Non-USA
USA/CA6/2020	SARS-CoV-2	2020-01-27	B	L	China	Hubei	C	Non-USA
Taiwan/8/2020	SARS-CoV-2	2020-01-31	B	L	Taiwan	Taiwan	C	Non-USA
Thailand/Phuket_247/2020	SARS-CoV-2	2020-01-25	B	L	Thailand	Phuket	C	Non-USA
Singapore/1/2020	SARS-CoV-2	2020-01-23	B	L	China	Hubei	C	Non-USA
Nepal/61/2020	SARS-CoV-2	2020-01-13	B	L	China	Hubei	C	Non-USA
Thailand/Nonthaburi_59/2020	SARS-CoV-2	2020-01-13	B	L	Thailand	Nonthaburi	C	Non-USA
Australia/SA01/2020	SARS-CoV-2	2020-01-30	B	O	Australia	South Australia	C	Non-USA
Malaysia/IMR_WC085/2020	SARS-CoV-2	2020-01-28	B	L	Malaysia	Malaysia	C	Non-USA
Thailand/61/2020	SARS-CoV-2	2020-01-08	B	L	China	Hubei	C	Non-USA
Taiwan/4/2020	SARS-CoV-2	2020-01-28	B	L	Taiwan	Taiwan	C	Non-USA
Wuhan/WIV02/2019	SARS-CoV-2	2019-12-30	B	L	China	Hubei	C	Non-USA
Wuhan/WIV05/2019	SARS-CoV-2	2019-12-30	B	L	China	Hubei	C	Non-USA
Japan/NA-20-05-1/2020	SARS-CoV-2	2020-01-25	B	L	Japan	Nara	C	Non-USA
Germany/BavPat1-ChVir929/2020	SARS-CoV-2	2020-01-28	B	G	Germany	Bavaria	C	Non-USA
Australia/SA04/2020	SARS-CoV-2	2020-01-30	B	O	Australia	South Australia	C	Non-USA
Australia/SAP305/2020	SARS-CoV-2	2020-01-30	B	O	Australia	South Australia	C	Non-USA
Guangdong/20SF629/2020	SARS-CoV-2	2020-01-26	B	O	China	Guangdong	C	Non-USA
Vietnam/19-01S/2020	SARS-CoV-2	2020-01-22	B	L	Vietnam	Ho Chi Minh City	C	Non-USA
Sichuan/SC-GA-062/2020	SARS-CoV-2	2020-01-26	B	L	China	Sichuan	C	Non-USA
HongKong/HKU-911a/2020	SARS-CoV-2	2020-01-30	B	L	Hong Kong	Hong Kong	C	Non-USA
Thailand/Bangkok_323/2020	SARS-CoV-2	2020-01-29	B	L	Thailand	Bangkok	C	Non-USA
Germany/BavPat2-ChVir984-ChVir1017/2020	SARS-CoV-2	2020-01-30	B	G	Germany	Bavaria	C	Non-USA
India/1-27/2020	SARS-CoV-2	2020-01-27	B	L	China	Hubei	C	Non-USA
Germany/BavPat4-ChVir1019/2020	SARS-CoV-2	2020-01-29	B	G	Germany	Bavaria	C	Non-USA
Malaysia/MKAK-CL-2020-5047/2020	SARS-CoV-2	2020-01-24	B	L	Malaysia	Selangor	C	Non-USA
France/IDF0515/2020	SARS-CoV-2	2020-01-29	B	O	China	Hubei	C	Non-USA
HongKong/HKU-913a/2020	SARS-CoV-2	2020-01-31	B	L	Hong Kong	Hong Kong	C	Non-USA
Thailand/SI200040-NT/2020	SARS-CoV-2	2020-01-08	B	L	Thailand	Thailand	C	Non-USA
Australia/NSW2153/2020	SARS-CoV-2	2020-01-25	B.1.5	G	Australia	New South Wales	C	Non-USA
Australia/NSW03/2020	SARS-CoV-2	2020-01-25	B.2	O	China	China	C	Non-USA
Australia/VIC01/2020	SARS-CoV-2	2020-01-25	B.2	O	China	Hubei	C	Non-USA
Australia/VIC02/2020	SARS-CoV-2	2020-01-24	B.2	O	Australia	Victoria	C	Non-USA
Australia/VIC03/2020	SARS-CoV-2	2020-01-25	B.2	O	Australia	Victoria	C	Non-USA
France/IDF0372/2020	SARS-CoV-2	2020-01-23	B.2	O	China	Hubei	C	Non-USA
France/IDF0373/2020	SARS-CoV-2	2020-01-23	B.2	O	China	Hubei	C	Non-USA
France/IDF0386-islP1/2020	SARS-CoV-2	2020-01-28	B.2	O	France	Ile de France	C	Non-USA
HongKong/HKPU12_2201/2020	SARS-CoV-2	2020-01-30	B.2	O	Hong Kong	Hong Kong	C	Non-USA
HongKong/HKPU2_1801/2020	SARS-CoV-2	2020-01-23	B.2	O	Hong Kong	Hong Kong	C	Non-USA
HongKong/HKU-200723-004/2020	SARS-CoV-2	2020-01-29	B.2	O	Hong Kong	Hong Kong	C	Non-USA
HongKong/HKU-902a/2020	SARS-CoV-2	2020-01-23	B.2	L	Hong Kong	Hong Kong	C	Non-USA
HongKong/HKU-902b/2020	SARS-CoV-2	2020-01-24	B.2	L	Hong Kong	Hong Kong	C	Non-USA
HongKong/VB20017970-2/2020	SARS-CoV-2	2020-01-21	B.2	L	Hong Kong	Hong Kong	C	Non-USA
HongKong/VB20024950-2/2020	SARS-CoV-2	2020-01-30	B.2	O	Hong Kong	Hong Kong	C	Non-USA
Italy/INMI1-cs/2020	SARS-CoV-2	2020-01-29	B.2	V	China	Hubei	C	Non-USA
Italy/SPL1/2020	SARS-CoV-2	2020-01-29	B.2	V	Italy	Lazio	C	Non-USA
Singapore/7/2020	SARS-CoV-2	2020-01-27	B.2	O	Singapore	Singapore	C	Non-USA
Sweden/20-02114/2020	SARS-CoV-2	2020-01-31	B.2	O	Sweden	Jonkoping	C	Non-USA
Taiwan/2/2020	SARS-CoV-2	2020-01-23	B.2	O	Taiwan	Taiwan	C	Non-USA
Thailand/Bangkok_269/2020	SARS-CoV-2	2020-01-26	B.2	O	Thailand	Bangkok	C	Non-USA
Thailand/NIH-190/2020	SARS-CoV-2	2020-01-22	B.2	O	Thailand	Nonthaburi	C	Non-USA
Thailand/Nonthaburi_363/2020	SARS-CoV-2	2020-01-29	B.2	O	Thailand	Nonthaburi	C	Non-USA
Thailand/SI200383-NT/2020	SARS-CoV-2	2020-01-23	B.2	O	Thailand	Thailand	C	Non-USA
Thailand/SI200478-NST/2020	SARS-CoV-2	2020-01-26	B.2	O	Thailand	Thailand	C	Non-USA
USA/CA2/2020	SARS-CoV-2	2020-01-22	B.2	O	China	Hubei	C	Non-USA
HongKong/HKU-903a/2020	SARS-CoV-2	2020-01-24	B.4	O	Hong Kong	Hong Kong	C	Non-USA
Shanghai/SH0022/2020	SARS-CoV-2	2020-01-30	B.4	O	China	Shanghai	C	Non-USA
Belgium/GHB-03021/2020	SARS-CoV-2	2020-02-03	A	S	China	Hubei	C	Non-USA
Thailand/Bangkok_580/2020	SARS-CoV-2	2020-02-01	A	S	Thailand	Bangkok	C	Non-USA
Shanghai/SH0032/2020	SARS-CoV-2	2020-02-01	A	S	China	Shanghai	C	Non-USA
SouthKorea/KCDC2169/2020	SARS-CoV-2	2020-03-09	A	S	South Korea	South Korea	C	Non-USA
Wuhan/HB-WH1-129/2020	SARS-CoV-2	2020-03-02	A	O	China	Hubei	C	Non-USA
Malaysia/MKAK-CL-2020-6430/2020	SARS-CoV-2	2020-02-04	A	S	Malaysia	Selangor	C	Non-USA
Panama/328941/2020	SARS-CoV-2	2020-02-27	A.1	S	USA	USA	C	Non-USA
Panama/329547/2020	SARS-CoV-2	2020-03-09	A.1	S	Panama	Santiago de Veraguas	C	Non-USA
Panama/333271/2020	SARS-CoV-2	2020-02-23	A.2	S	Panama	Panama Center	C	Non-USA
Spain/Valencia4/2020	SARS-CoV-2	2020-02-26	A.2	S	Spain	Comunitat Valenciana	C	Non-USA
Spain/Valencia266/2020	SARS-CoV-2	2020-02-29	A.2	S	Spain	Comunitat Valenciana	C	Non-USA
Panama/328710/2020	SARS-CoV-2	2020-02-20	A.2	O	Panama	Panama Center	C	Non-USA
Spain/PV-000805/2020	SARS-CoV-2	2020-03-08	A.2	S	Spain	Basque Country	C	Non-USA
Spain/Valencia23/2020	SARS-CoV-2	2020-02-27	A.2	S	Spain	Comunitat Valenciana	C	Non-USA
Greece/261_32221/2020	SARS-CoV-2	2020-03-10	A.5	S	Greece	Athens	C	Non-USA
Mexico/Queretaro-InDRE_04/2020	SARS-CoV-2	2020-03-10	A.5	S	Mexico	Queretaro	C	Non-USA
Thailand/Bangkok-CONI-0106/2020	SARS-CoV-2	2020-03-09	A.6	S	Thailand	Bangkok	C	Non-USA
Thailand/Bangkok_1716/2020	SARS-CoV-2	2020-02-25	A.6	S	Thailand	Bangkok	C	Non-USA
Thailand/MUMT-3/2020	SARS-CoV-2	2020-02-25	A.6	S	Thailand	Bangkok	C	Non-USA
Thailand/SI202620-NT/2020	SARS-CoV-2	2020-02-22	A.6	S	Thailand	Thailand	C	Non-USA
Thailand/SI202769-NT/2020	SARS-CoV-2	2020-02-25	A.6	O	Thailand	Thailand	C	Non-USA
Thailand/SI202872-NT/2020	SARS-CoV-2	2020-02-25	A.6	S	Thailand	Thailand	C	Non-USA
Japan/PG-0091/2020	SARS-CoV-2	2020-03-06	B	L	Japan	Hokkaido	C	Non-USA
Singapore/187/2020	SARS-CoV-2	2020-02-27	B	L	Singapore	Singapore	C	Non-USA
Japan/DP0803/2020	SARS-CoV-2	2020-02-17	B	O	Japan	Japan	C	Non-USA
Japan/DP0568/2020	SARS-CoV-2	2020-02-17	B	O	Japan	Japan	C	Non-USA
Singapore/3/2020	SARS-CoV-2	2020-02-01	B	O	Singapore	Singapore	C	Non-USA
France/RA739/2020	SARS-CoV-2	2020-02-08	B	L	France	Auvergne-Rhône-Alpes	C	Non-USA
Norway/1917/2020	SARS-CoV-2	2020-03-10	B.1	GH	Austria	Austria	C	Non-USA
Canada/ON_PHL2259/2020	SARS-CoV-2	2020-02-29	B.1	GH	Canada	Ontario	C	Non-USA
England/20100121007/2020	SARS-CoV-2	2020-02-29	B.1	G	United Kingdom	England	C	Non-USA
Chile/Puerto_Montt_1/2020	SARS-CoV-2	2020-03-05	B.1	G	Chile	Puerto Montt	C	Non-USA
England/20099072904/2020	SARS-CoV-2	2020-02-27	B.1	G	United Kingdom	England	C	Non-USA
Beijing/DT-travelIT03/2020	SARS-CoV-2	2020-03-07	B.1	G	Italy	Lombardy	C	Non-USA
Spain/Canarias201939/2020	SARS-CoV-2	2020-02-29	B.1.1	GR	Spain	Canary Islands	C	Non-USA
Switzerland/GE1422/2020	SARS-CoV-2	2020-02-28	B.1.1	GR	Switzerland	Geneva	C	Non-USA
Switzerland/1000477757/2020	SARS-CoV-2	2020-02-29	B.1.1	GR	Switzerland	Zürich	C	Non-USA
Vietnam/VNHN_022/2020	SARS-CoV-2	2020-03-07	B.1.1	GR	Vietnam	Red River Delta	C	Non-USA
Netherlands/Delft_1363424/2020	SARS-CoV-2	2020-02-28	B.1.1	GR	Italy	Italy	C	Non-USA
Mexico/EdoMex-InDRE_07/2020	SARS-CoV-2	2020-02-28	B.1.1	GR	Italy	Lombardy	C	Non-USA
Croatia/ZG-297-20/2020	SARS-CoV-2	2020-03-05	B.1.1.1	GR	Croatia	Varaždin County	C	Non-USA
Iceland/79/2020	SARS-CoV-2	2020-03-09	B.1.1.17	GR	Iceland	Reykjavik	C	Non-USA
Brazil/SP-14/2020	SARS-CoV-2	2020-03-05	B.1.1.28	GR	Italy	Italy	C	Non-USA
Austria/CeMM0003/2020	SARS-CoV-2	2020-02-26	B.1.1.6	GR	Italy	Italy	C	Non-USA
Austria/CeMM0143/2020	SARS-CoV-2	2020-02-27	B.1.1.6	GR	Austria	Vienna	C	Non-USA
Austria/CeMM0146/2020	SARS-CoV-2	2020-02-28	B.1.1.6	GR	Austria	Vienna	C	Non-USA
Austria/CeMM0147/2020	SARS-CoV-2	2020-02-28	B.1.1.6	GR	Austria	Vienna	C	Non-USA
Austria/CeMM0401/2020	SARS-CoV-2	2020-02-28	B.1.1.6	GR	Austria	Austria	C	Non-USA
Peru/INS-026/2020	SARS-CoV-2	2020-03-06	B.1.11	G	Peru	Arequipa	C	Non-USA
SaudiArabia/562/2020	SARS-CoV-2	2020-02-16	B.1.113	GH	Saudi Arabia	Saudi Arabia	C	Non-USA
SaudiArabia/578/2020	SARS-CoV-2	2020-02-17	B.1.113	GH	Saudi Arabia	Saudi Arabia	C	Non-USA
Netherlands/NA_17/2020	SARS-CoV-2	2020-03-09	B.1.22	G	Netherlands	Netherlands	C	Non-USA
SaudiArabia/671/2020	SARS-CoV-2	2020-02-27	B.1.36	GH	Saudi Arabia	Saudi Arabia	C	Non-USA
SaudiArabia/583/2020	SARS-CoV-2	2020-02-18	B.1.36	GH	Saudi Arabia	Saudi Arabia	C	Non-USA
SaudiArabia/677/2020	SARS-CoV-2	2020-03-01	B.1.36	GH	Saudi Arabia	Saudi Arabia	C	Non-USA
SaudiArabia/518/2020	SARS-CoV-2	2020-02-10	B.1.36	GH	Saudi Arabia	Saudi Arabia	C	Non-USA
SaudiArabia/509/2020	SARS-CoV-2	2020-02-09	B.1.36	GH	Saudi Arabia	Saudi Arabia	C	Non-USA
SaudiArabia/627/2020	SARS-CoV-2	2020-02-23	B.1.36	GH	Saudi Arabia	Saudi Arabia	C	Non-USA
Peru/INS-008/2020	SARS-CoV-2	2020-03-09	B.1.5	G	Peru	Huanuco	C	Non-USA
Luxembourg/LNS0000001/2020	SARS-CoV-2	2020-02-29	B.1.5	G	Luxembourg	Luxembourg	C	Non-USA
Italy/INMI5/2020	SARS-CoV-2	2020-03-04	B.1.5	G	Italy	Lazio	C	Non-USA
Luxembourg/Lux1/2020	SARS-CoV-2	2020-02-29	B.1.5	G	Italy	Italy	C	Non-USA
Panama/329108/2020	SARS-CoV-2	2020-03-10	B.1.5	G	Spain	Spain	C	Non-USA
Switzerland/GE5373/2020	SARS-CoV-2	2020-02-27	B.1.5	G	Switzerland	Geneva	C	Non-USA
Thailand/SI201712-NT/2020	SARS-CoV-2	2020-02-03	B.2	O	Thailand	Thailand	C	Non-USA
Singapore/8/2020	SARS-CoV-2	2020-02-03	B.2	O	Singapore	Singapore	C	Non-USA
HongKong/HKPU61-0202/2020	SARS-CoV-2	2020-02-17	B.2	O	Hong Kong	Hong Kong	C	Non-USA
Iceland/13/2020	SARS-CoV-2	2020-02-27	B.2	V	Italy	Italy	C	Non-USA
Finland/FIN01032020/2020	SARS-CoV-2	2020-03-01	B.2	V	Finland	Helsinki	C	Non-USA
Brazil/SP-02/2020	SARS-CoV-2	2020-02-28	B.2	V	Italy	Lombardy	C	Non-USA
England/20102088002/2020	SARS-CoV-2	2020-02-25	B.2.1	V	United Kingdom	England	C	Non-USA
Brazil/ES-225/2020	SARS-CoV-2	2020-02-29	B.2.1	V	Brazil	Espirito Santo	C	Non-USA
England/20078003804/2020	SARS-CoV-2	2020-02-13	B.2.1	V	United Kingdom	England	C	Non-USA
England/20100001304/2020	SARS-CoV-2	2020-02-28	B.2.1	O	United Kingdom	England	C	Non-USA
England/20088028304/2020	SARS-CoV-2	2020-02-20	B.2.1	V	United Kingdom	England	C	Non-USA
Jamaica/JM-CDC-0869/2020	SARS-CoV-2	2020-03-09	B.2.1	V	Jamaica	Jamaica	C	Non-USA
SouthKorea/KCDC2067/2020	SARS-CoV-2	2020-02-19	B.2.10	V	South Korea	South Korea	C	Non-USA
SouthKorea/KCDC2045/2020	SARS-CoV-2	2020-02-20	B.2.10	V	South Korea	South Korea	C	Non-USA
SouthKorea/KCDC2077/2020	SARS-CoV-2	2020-02-21	B.2.10	V	South Korea	South Korea	C	Non-USA
SouthKorea/KCDC2048/2020	SARS-CoV-2	2020-02-21	B.2.10	V	South Korea	South Korea	C	Non-USA
SouthKorea/KCDC2087/2020	SARS-CoV-2	2020-02-23	B.2.10	V	South Korea	South Korea	C	Non-USA
SouthKorea/A2/2020	SARS-CoV-2	2020-03-08	B.2.10	V	South Korea	Seoul	C	Non-USA
HongKong/HKPU33_0202/2020	SARS-CoV-2	2020-02-09	B.2.8	O	Hong Kong	Hong Kong	C	Non-USA
HongKong/HKPU73-0802/2020	SARS-CoV-2	2020-02-22	B.2.8	V	Hong Kong	Hong Kong	C	Non-USA
HongKong/VM20002868/2020	SARS-CoV-2	2020-02-24	B.2.8	O	Hong Kong	Hong Kong	C	Non-USA
HongKong/HKPU29_0102/2020	SARS-CoV-2	2020-02-08	B.2.8	O	Hong Kong	Hong Kong	C	Non-USA
HongKong/HKU-200723-002/2020	SARS-CoV-2	2020-03-09	B.2.8	V	Hong Kong	Hong Kong	C	Non-USA
HongKong/HKPU44-0102/2020	SARS-CoV-2	2020-02-10	B.2.8	O	Hong Kong	Hong Kong	C	Non-USA
Wales/PHWC-2C8E8/2020	SARS-CoV-2	2020-03-08	B.3	L	United Kingdom	Wales	C	Non-USA
Germany/NRW-06/2020	SARS-CoV-2	2020-02-27	B.3	L	Germany	North Rhine Westphalia	C	Non-USA
Germany/NRW-05/2020	SARS-CoV-2	2020-02-26	B.3	L	Germany	North Rhine Westphalia	C	Non-USA
Germany/NRW-04/2020	SARS-CoV-2	2020-02-26	B.3	L	Germany	North Rhine Westphalia	C	Non-USA
Germany/NRW-07/2020	SARS-CoV-2	2020-02-27	B.3	L	Germany	North Rhine Westphalia	C	Non-USA
Germany/NRW-03/2020	SARS-CoV-2	2020-02-26	B.3	L	Germany	North Rhine Westphalia	C	Non-USA
Shanghai/SH0126/2020	SARS-CoV-2	2020-02-15	B.4	O	China	Shanghai	C	Non-USA
Oman/RESP-20-1189/2020	SARS-CoV-2	2020-03-02	B.4	L	Oman	Muscat	C	Non-USA
Canada/BC_37_0-2/2020	SARS-CoV-2	2020-02-16	B.4	O	Iran	Iran	C	Non-USA
Canada/BC_69243/2020	SARS-CoV-2	2020-02-20	B.4	O	Iran	Iran	C	Non-USA
Pakistan/Gilgit1/2020	SARS-CoV-2	2020-03-04	B.4	O	Iran	Iran	C	Non-USA
India/1115/2020	SARS-CoV-2	2020-03-10	B.4	O	Iran	Iran	C	Non-USA
Japan/DP0464/2020	SARS-CoV-2	2020-02-16	B.5	O	Japan	Japan	C	Non-USA
Japan/DP0588/2020	SARS-CoV-2	2020-02-17	B.5	O	Japan	Japan	C	Non-USA
Japan/DP0764/2020	SARS-CoV-2	2020-02-17	B.5	O	Japan	Japan	C	Non-USA
Malaysia/IMR-WC9174/2020	SARS-CoV-2	2020-03-04	B.6	O	Malaysia	Selangor	C	Non-USA
Malaysia/IMR-WC9205/2020	SARS-CoV-2	2020-03-04	B.6	O	Malaysia	Selangor	C	Non-USA
USA/MN-MDH-1273/2020	SARS-CoV-2	2020-03-10	A	S	USA	Minnesota	C	USA-other
USA/VA_6171/2020	SARS-CoV-2	2020-03-06	A	S	USA	Virginia	C	USA-other
USA/WA-S11/2020	SARS-CoV-2	2020-03-03	A.1	S	USA	Washington	C	USA-other
USA/WA-UW42/2020	SARS-CoV-2	2020-03-09	A.1	S	USA	Washington	C	USA-other
USA/MN-CDC-0106/2020	SARS-CoV-2	2020-03-10	A.1	S	USA	Minnesota	C	USA-other
USA/WA-UW71/2020	SARS-CoV-2	2020-03-09	A.1	S	USA	Washington	C	USA-other
USA/WA-S90/2020	SARS-CoV-2	2020-02-29	A.1	S	USA	Oregon	C	USA-other
USA/WA-S7/2020	SARS-CoV-2	2020-02-24	A.1	S	USA	Washington	C	USA-other
USA/WA-S248/2020	SARS-CoV-2	2020-03-10	A.1	S	USA	Washington	C	USA-other
USA/WA-S34/2020	SARS-CoV-2	2020-03-02	A.1	S	USA	Washington	C	USA-other
USA/WA-S49/2020	SARS-CoV-2	2020-03-04	A.1	S	USA	Washington	C	USA-other
env/USA/FL-UF11/2020	SARS-CoV-2	2020-02-21	A.1	S	USA	Florida	C	USA-other
USA/WA-S57/2020	SARS-CoV-2	2020-03-03	A.1	S	USA	Washington	C	USA-other
USA/FL-BPHL-0537/2020	SARS-CoV-2	2020-03-06	A.1	S	USA	Florida	C	USA-other
USA/WA-S23/2020	SARS-CoV-2	2020-03-02	A.1	S	USA	Washington	C	USA-other
USA/FL_9655/2020	SARS-CoV-2	2020-03-05	A.3	S	USA	Florida	C	USA-other
USA/GA-CDC-2059/2020	SARS-CoV-2	2020-03-07	A.3	O	USA	Georgia	C	USA-other
USA/SC-DHEC-0008/2020	SARS-CoV-2	2020-03-10	A.3	S	USA	South Carolina	C	USA-other
USA/GA-EHC-087I/2020	SARS-CoV-2	2020-03-10	A.3	S	USA	Georgia	C	USA-other
USA/IN-CDC-2013/2020	SARS-CoV-2	2020-03-09	A.3	O	USA	Indiana	C	USA-other
USA/MN-CDC-0108/2020	SARS-CoV-2	2020-03-10	A.3	O	USA	Minnesota	C	USA-other
USA/SC_3575/2020	SARS-CoV-2	2020-03-07	A.3	S	USA	South Carolina	C	USA-other
USA/FL-BPHL-0141/2020	SARS-CoV-2	2020-03-10	A.3	S	USA	Florida	C	USA-other
USA/SC_6370/2020	SARS-CoV-2	2020-03-08	A.3	S	USA	South Carolina	C	USA-other
USA/SC_3571/2020	SARS-CoV-2	2020-03-07	A.3	S	USA	South Carolina	C	USA-other
USA/FL-CDC-2718/2020	SARS-CoV-2	2020-03-09	A.3	O	USA	Florida	C	USA-other
USA/SC-DHEC-0001/2020	SARS-CoV-2	2020-03-06	A.3	S	USA	South Carolina	C	USA-other
USA/GA-EHC-086H/2020	SARS-CoV-2	2020-03-10	A.3	S	USA	Georgia	C	USA-other
USA/MI-MDHHS-SC20004/2020	SARS-CoV-2	2020-03-10	A.5	S	USA	Michigan	C	USA-other
USA/CA_2602/2020	SARS-CoV-2	2020-02-26	B	L	USA	California	C	USA-other
USA/CA-SCCPHD-UC125/2020	SARS-CoV-2	2020-03-06	B	O	USA	California	C	USA-other
USA/CA-SCCPHD-UC124/2020	SARS-CoV-2	2020-03-05	B	S	USA	California	C	USA-other
USA/WA-S30/2020	SARS-CoV-2	2020-02-28	B	S	USA	Washington	C	USA-other
USA/CA-SCCPHD-UC143/2020	SARS-CoV-2	2020-03-09	B	O	USA	California	C	USA-other
USA/CA-SCCPHD-UC149/2020	SARS-CoV-2	2020-03-10	B	O	USA	California	C	USA-other
USA/CA-SCCPHD-UC139/2020	SARS-CoV-2	2020-03-09	B	L	USA	California	C	USA-other
USA/CA-UCSF-UC33/2020	SARS-CoV-2	2020-03-07	B	L	USA	California	C	USA-other
USA/CA-SCCPHD-UC116/2020	SARS-CoV-2	2020-03-04	B	L	USA	California	C	USA-other
USA/CA-SCCPHD-UC109/2020	SARS-CoV-2	2020-03-02	B	L	USA	California	C	USA-other
USA/CA-SCCPHD-UC16/2020	SARS-CoV-2	2020-03-04	B	L	USA	California	C	USA-other
USA/CA-SCCPHD-UC13/2020	SARS-CoV-2	2020-03-02	B	L	USA	California	C	USA-other
USA/CA-SCCPHD-UC155/2020	SARS-CoV-2	2020-03-10	B	L	USA	California	C	USA-other
USA/IA_6391/2020	SARS-CoV-2	2020-03-07	B.1	G	USA	Iowa	C	USA-other
USA/TX-HMH035/2020	SARS-CoV-2	2020-03-09	B.1	GH	USA	Texas	C	USA-other
USA/NH_0004/2020	SARS-CoV-2	2020-02-29	B.1	GH	USA	New Hampshire	C	USA-other
USA/VA-DCLS-0020/2020	SARS-CoV-2	2020-03-10	B.1	GH	USA	Virginia	C	USA-other
USA/MA-MGH-00441/2020	SARS-CoV-2	2020-03-05	B.1	GH	USA	Massachusetts	C	USA-other
USA/MI-MDHHS-SC20437/2020	SARS-CoV-2	2020-03-09	B.1	GH	USA	Michigan	C	USA-other
USA/MA-MGH-00423/2020	SARS-CoV-2	2020-03-07	B.1	G	USA	Massachusetts	C	USA-other
USA/CA-SCCPHD-UC187/2020	SARS-CoV-2	2020-03-07	B.1	O	USA	California	C	USA-other
USA/TX_2967/2020	SARS-CoV-2	2020-03-01	B.1	GH	USA	Texas	C	USA-other
USA/KS_4126/2020	SARS-CoV-2	2020-03-06	B.1	GH	USA	Kansas	C	USA-other
USA/MA-MGH-00442/2020	SARS-CoV-2	2020-03-05	B.1	GH	USA	Massachusetts	C	USA-other
USA/FL-BPHL-0139/2020	SARS-CoV-2	2020-03-07	B.1	GH	USA	Florida	C	USA-other
USA/SC_3572/2020	SARS-CoV-2	2020-03-05	B.1	G	USA	South Carolina	C	USA-other
USA/CT-Yale-003/2020	SARS-CoV-2	2020-03-08	B.1.1	O	USA	Connecticut	C	USA-other
USA/MI-MDHHS-SC20162/2020	SARS-CoV-2	2020-03-10	B.1.1	GR	USA	Michigan	C	USA-other
USA/CA-SCCPHD-UC135/2020	SARS-CoV-2	2020-03-07	B.1.1	O	USA	California	C	USA-other
USA/CA-SCCPHD-UC134/2020	SARS-CoV-2	2020-03-07	B.1.1	O	USA	California	C	USA-other
USA/FL_5091/2020	SARS-CoV-2	2020-02-28	B.1.1	S	USA	Florida	C	USA-other
USA/MN5-MDH5/2020	SARS-CoV-2	2020-03-10	B.1.1	GR	USA	Minnesota	C	USA-other
USA/CA-SCCPHD-UC114/2020	SARS-CoV-2	2020-03-03	B.1.1	O	USA	California	C	USA-other
USA/WA-S4/2020	SARS-CoV-2	2020-03-01	B.1.1	O	USA	Washington	C	USA-other
USA/GA_1621/2020	SARS-CoV-2	2020-03-04	B.1.1	GR	USA	Georgia	C	USA-other
USA/CA-CDPH-UC25/2020	SARS-CoV-2	2020-03-04	B.1.1	O	USA	California	C	USA-other
USA/GA_2741/2020	SARS-CoV-2	2020-02-29	B.1.1	GR	USA	Georgia	C	USA-other
USA/GA_1299/2020	SARS-CoV-2	2020-03-03	B.1.1	GR	USA	Georgia	C	USA-other
USA/FL-CDC-6318/2020	SARS-CoV-2	2020-03-09	B.1.1	GR	USA	Florida	C	USA-other
USA/MI-MDHHS-SC20113/2020	SARS-CoV-2	2020-03-10	B.1.1.1	GR	USA	Michigan	C	USA-other
USA/MI-MDHHS-SC20359/2020	SARS-CoV-2	2020-03-10	B.1.1.1	GR	USA	Michigan	C	USA-other
USA/MI-MDHHS-SC20438/2020	SARS-CoV-2	2020-03-10	B.1.1.1	GR	USA	Michigan	C	USA-other
USA/MI-MDHHS-SC20002/2020	SARS-CoV-2	2020-03-10	B.1.1.10	GR	USA	Michigan	C	USA-other
USA/FL_1177/2020	SARS-CoV-2	2020-03-06	B.1.110	GH	USA	Florida	C	USA-other
USA/FL_7169/2020	SARS-CoV-2	2020-03-02	B.1.110	GH	USA	Florida	C	USA-other
USA/IL_0087/2020	SARS-CoV-2	2020-03-07	B.1.111	GH	USA	Illinois	C	USA-other
USA/LA-CDC-0757/2020	SARS-CoV-2	2020-03-10	B.1.2	GH	USA	Louisiana	C	USA-other
USA/LA_0842/2020	SARS-CoV-2	2020-03-09	B.1.2	GH	USA	Louisiana	C	USA-other
USA/TX-CDC-3008/2020	SARS-CoV-2	2020-03-10	B.1.2	GH	USA	Texas	C	USA-other
USA/WA-S274/2020	SARS-CoV-2	2020-03-08	B.1.21	GH	USA	Washington	C	USA-other
USA/WA-UW29/2020	SARS-CoV-2	2020-03-08	B.1.21	GH	USA	Washington	C	USA-other
USA/WA-UW60/2020	SARS-CoV-2	2020-03-09	B.1.21	GH	USA	Washington	C	USA-other
USA/WA-UW69/2020	SARS-CoV-2	2020-03-10	B.1.21	GH	USA	Washington	C	USA-other
USA/WA-UW78/2020	SARS-CoV-2	2020-03-10	B.1.21	GH	USA	Washington	C	USA-other
USA/WA-UW82/2020	SARS-CoV-2	2020-03-10	B.1.21	GH	USA	Washington	C	USA-other
USA/WA-UW96/2020	SARS-CoV-2	2020-03-10	B.1.21	GH	USA	Washington	C	USA-other
USA/TX-CDC-3009/2020	SARS-CoV-2	2020-03-10	B.1.37	GH	USA	Texas	C	USA-other
USA/UT_8906/2020	SARS-CoV-2	2020-03-07	B.1.43	GH	USA	Utah	C	USA-other
USA/CA-SCCPHD-UC128/2020	SARS-CoV-2	2020-03-06	B.1.5	O	USA	California	C	USA-other
USA/RI_0520/2020	SARS-CoV-2	2020-02-28	B.1.5	G	USA	Rhode Island	C	USA-other
USA/RI_0556/2020	SARS-CoV-2	2020-03-01	B.1.5	G	USA	Rhode Island	C	USA-other
USA/FL_9590/2020	SARS-CoV-2	2020-03-05	B.2	V	USA	Florida	C	USA-other
USA/MA_1355/2020	SARS-CoV-2	2020-03-05	B.2	O	USA	Massachusetts	C	USA-other
USA/MN4-MDH4/2020	SARS-CoV-2	2020-03-09	B.2	O	USA	Minnesota	C	USA-other
USA/OR_2656/2020	SARS-CoV-2	2020-02-27	B.2	V	USA	Oregon	C	USA-other
USA/TX-HMH037/2020	SARS-CoV-2	2020-03-08	B.2	V	USA	Texas	C	USA-other
USA/NV_0052/2020	SARS-CoV-2	2020-03-09	B.2.1	V	USA	Nevada	C	USA-other
USA/WA_5030/2020	SARS-CoV-2	2020-02-27	B.2.10	V	USA	Washington	C	USA-other
USA/NE_6605/2020	SARS-CoV-2	2020-03-05	B.3	L	USA	Nebraska	C	USA-other
USA/UT-010/2020	SARS-CoV-2	2020-03-10	B.3	L	USA	Utah	C	USA-other
USA/WA-UW22/2020	SARS-CoV-2	2020-03-06	B.4	O	USA	Washington	C	USA-other
USA/NY-NYU-VC-002/2020	SARS-CoV-2	2020-03-06	B.2.1	V	USA	New York	C	NY
USA/NY-NYUMC1/2020	SARS-CoV-2	2020-03-04	B.1	V	USA	New York	C	NY
USA/NY-PV09407/2020	SARS-CoV-2	2020-03-10	B.1	GH	USA	New York	C	NY
USA/NY-PV09413/2020	SARS-CoV-2	2020-03-09	B.1	GH	USA	New York	C	NY
USA/NY-PV09438/2020	SARS-CoV-2	2020-03-10	A.3	S	USA	New York	C	NY
USA/NY-PV09442/2020	SARS-CoV-2	2020-03-08	B.1	GH	USA	New York	C	NY
USA/NY-PV09444/2020	SARS-CoV-2	2020-03-04	B.1	GH	USA	New York	C	NY
USA/NY-PV09448/2020	SARS-CoV-2	2020-03-09	B.1	O	USA	New York	C	NY
USA/NY-SURV0144/2020	SARS-CoV-2	2020-03-02	B	L	USA	New York	C	NY
USA/NY-SURV0162/2020	SARS-CoV-2	2020-03-09	B.1	O	USA	New York	C	NY
USA/NY-SURV0165/2020	SARS-CoV-2	2020-03-09	B.2	V	USA	New York	C	NY
USA/NY-SURV0166/2020	SARS-CoV-2	2020-03-09	B.2	V	USA	New York	C	NY
USA/NY-SURV0171/2020	SARS-CoV-2	2020-03-09	B.1	O	USA	New York	C	NY
USA/NY-SURV0175/2020	SARS-CoV-2	2020-03-09	B.1	O	USA	New York	C	NY
USA/NY-SURV0302/2020	SARS-CoV-2	2020-03-09	B.1.3	O	USA	New York	C	NY
USA/NY-SURV0444/2020	SARS-CoV-2	2020-03-09	B.1	O	USA	New York	C	NY
USA/NY-SURV052/2020	SARS-CoV-2	2020-03-04	A.1	S	USA	New York	C	NY
USA/NY-SURV0592/2020	SARS-CoV-2	2020-03-08	B.1	O	USA	New York	C	NY
USA/NY-SURV076/2020	SARS-CoV-2	2020-03-05	B.1.3	GH	USA	New York	C	NY
USA/NY-SURV0874/2020	SARS-CoV-2	2020-03-09	B.2	O	USA	New York	C	NY
USA/NY-SURV097/2020	SARS-CoV-2	2020-03-09	B.2	O	USA	New York	C	NY
USA/NY-Wadsworth-10495-01/2020	SARS-CoV-2	2020-03-03	B.1	GH	USA	New York	C	NY
USA/NY-Wadsworth-10496-01/2020	SARS-CoV-2	2020-03-03	B.1	GH	USA	New York	C	NY
USA/NY-Wadsworth-10528-01/2020	SARS-CoV-2	2020-03-03	B.1	GH	USA	New York	C	NY
USA/NY-Wadsworth-10683-01/2020	SARS-CoV-2	2020-03-04	B.2.1	V	USA	New York	C	NY
USA/NY-Wadsworth-10690-01/2020	SARS-CoV-2	2020-03-04	B.1	GH	USA	New York	C	NY
USA/NY-Wadsworth-10707-01/2020	SARS-CoV-2	2020-03-04	B.1	GH	USA	New York	C	NY
USA/NY-Wadsworth-11000-01/2020	SARS-CoV-2	2020-03-05	B.2.1	V	USA	New York	C	NY
USA/NY-Wadsworth-11190-01/2020	SARS-CoV-2	2020-03-06	B.1	GH	USA	New York	C	NY
USA/NY-Wadsworth-11191-01/2020	SARS-CoV-2	2020-03-06	B.1	GH	USA	New York	C	NY
USA/NY-Wadsworth-11202-01/2020	SARS-CoV-2	2020-03-06	B.1	GH	USA	New York	C	NY
USA/NY-Wadsworth-11207-01/2020	SARS-CoV-2	2020-03-06	B.1	GH	USA	New York	C	NY
USA/NY-Wadsworth-11245-01/2020	SARS-CoV-2	2020-03-06	B.1	GH	USA	New York	C	NY
USA/NY-Wadsworth-11249-01/2020	SARS-CoV-2	2020-03-06	B.1	GH	USA	New York	C	NY
USA/NY-Wadsworth-11291-01/2020	SARS-CoV-2	2020-03-06	B.1	GH	USA	New York	C	NY
USA/NY-Wadsworth-11330-01/2020	SARS-CoV-2	2020-03-07	B.1	GH	USA	New York	C	NY
USA/NY-Wadsworth-11380-01/2020	SARS-CoV-2	2020-03-06	B.1	GH	USA	New York	C	NY
USA/NY-Wadsworth-11717-01/2020	SARS-CoV-2	2020-03-08	B.1	GH	USA	New York	C	NY
USA/NY-Wadsworth-11735-01/2020	SARS-CoV-2	2020-03-08	B.1	GH	USA	New York	C	NY
USA/NY-Wadsworth-12883-02/2020	SARS-CoV-2	2020-03-10	B.1.3	GH	USA	New York	C	NY
USA/NY2-PV08100/2020	SARS-CoV-2	2020-03-04	A.2	S	USA	New York	C	NY
USA/NJ-CDC-7300/2020	SARS-CoV-2	2020-03-10	B.1	GH	USA	New Jersey	C	NJ
USA/NJ_3201/2020	SARS-CoV-2	2020-03-04	B.1	GH	USA	New Jersey	C	NJ
USA/NJ_3592/2020	SARS-CoV-2	2020-03-04	B.1	GH	USA	New Jersey	C	NJ
USA/MD-CDC-0025/2020	SARS-CoV-2	2020-03-04	B.1	GH	USA	Maryland	C	MD
USA/MD-HP00060/2020	SARS-CoV-2	2020-03-10	B.1	GH	USA	Maryland	C	MD
USA/MD-HP00075/2020	SARS-CoV-2	2020-03-08	B.1	GH	USA	Maryland	C	MD
USA/MD-HP00082/2020	SARS-CoV-2	2020-03-08	B.1.2	GH	USA	Maryland	C	MD
USA/MDH-5622/2020	SARS-CoV-2	2020-03-08	B.1	GH	USA	Maryland	C	MD
USA/MDH-5653/2020	SARS-CoV-2	2020-03-07	B.1	GH	USA	Maryland	C	MD
USA/MDH-5875/2020	SARS-CoV-2	2020-03-08	B.1	GH	USA	Maryland	C	MD
USA/MDH-6339/2020	SARS-CoV-2	2020-03-09	B.1	GH	USA	Maryland	C	MD
USA/MDH-6572/2020	SARS-CoV-2	2020-03-08	B.1.5	G	USA	Maryland	C	MD
USA/MDH-6612/2020	SARS-CoV-2	2020-03-09	B.1	GH	USA	Maryland	C	MD
USA/MDH-7590/2020	SARS-CoV-2	2020-03-09	B.1	GH	USA	Maryland	C	MD
USA/MD_0026/2020	SARS-CoV-2	2020-03-04	B.1	GH	USA	Maryland	C	MD
USA/MD_0027/2020	SARS-CoV-2	2020-03-04	B.1	GH	USA	Maryland	C	MD
Benin/2012/2020	SARS-CoV-2	2020-04-15	A	S	France	France	C	Non-USA
Pakistan/NIH-HAS001/2020	SARS-CoV-2	2020-06-02	A	S	Pakistan	Islamabad	C	Non-USA
Vietnam/HCMC-35022/2020	SARS-CoV-2	2020-03-24	A.1	S	Vietnam	Ho Chi Minh City	C	Non-USA
Taiwan/TSGH-33/2020	SARS-CoV-2	2020-03-29	A.1	O	Taiwan	New Taipei City	C	Non-USA
Panama/333400/2020	SARS-CoV-2	2020-03-23	A.2	S	Panama	Panama Center	C	Non-USA
Panama/338872/2020	SARS-CoV-2	2020-04-10	A.2	S	Panama	Panama Center	C	Non-USA
UnitedArabEmirates/P1/2020	SARS-CoV-2	2020-03-30	A.3	S	United Arab Emirates	United Arab Emirates	C	Non-USA
Taiwan/NCKUH-009/2020	SARS-CoV-2	2020-03-23	A.3	S	Taiwan	Tainan	C	Non-USA
Spain/MD-004897/2020	SARS-CoV-2	2020-05-03	A.5	S	Spain	Madrid	C	Non-USA
Spain/AN-001326/2020	SARS-CoV-2	2020-03-23	A.5	S	Spain	Andalusia	C	Non-USA
Thailand/Bangkok-0037/2020	SARS-CoV-2	2020-03-21	A.6	S	Thailand	Bangkok	C	Non-USA
Thailand/Bangkok-0083/2020	SARS-CoV-2	2020-04-02	A.6	S	Thailand	Bangkok	C	Non-USA
India/RMRC103/2020	SARS-CoV-2	2020-05-06	A.7	O	India	Odisha	C	Non-USA
India/RMRC157/2020	SARS-CoV-2	2020-05-07	A.7	O	India	Odisha	C	Non-USA
Latvia/02/2020	SARS-CoV-2	2020-03-25	B	L	Latvia	Latvia	C	Non-USA
Indonesia/EJ-ITD1238Sp/2020	SARS-CoV-2	2020-03-30	B	L	Indonesia	Surabaya	C	Non-USA
Bangladesh/CHRF_0007/2020	SARS-CoV-2	2020-05-14	B.1	G	Bangladesh	Dhaka	C	Non-USA
HongKong/HKU-200723-106/2020	SARS-CoV-2	2020-05-15	B.1	GH	Hong Kong	Hong Kong	C	Non-USA
Switzerland/100059/2020	SARS-CoV-2	2020-03-12	B.1.1	GR	Switzerland	Bern	C	Non-USA
Israel/13075788/2020	SARS-CoV-2	2020-03-30	B.1.1	GR	Israel	Tel Aviv District	C	Non-USA
Belgium/VLS-0507418/2020	SARS-CoV-2	2020-05-07	B.1.1.1	GR	Belgium	Turnhout	C	Non-USA
England/NORT-2938BD/2020	SARS-CoV-2	2020-07-06	B.1.1.1	GR	United Kingdom	England	C	Non-USA
Netherlands/Friesland_33/2020	SARS-CoV-2	2020-04-14	B.1.1.10	GR	Netherlands	Friesland	C	Non-USA
Iceland/442/2020	SARS-CoV-2	2020-03-20	B.1.1.10	GR	Iceland	Reykjavik	C	Non-USA
Portugal/IGC4467/2020	SARS-CoV-2	2020-06-08	B.1.1.15	GR	Portugal	Beja	C	Non-USA
Luxembourg/LNS1222966/2020	SARS-CoV-2	2020-04-02	B.1.1.15	GR	Luxembourg	Luxembourg	C	Non-USA
Iceland/126/2020	SARS-CoV-2	2020-03-12	B.1.1.17	GR	Iceland	Reykjavik	C	Non-USA
Austria/CeMM0364/2020	SARS-CoV-2	2020-04-05	B.1.1.18	GR	Austria	Vienna	C	Non-USA
Wales/PHWC-165D2F/2020	SARS-CoV-2	2020-06-15	B.1.1.2	GR	United Kingdom	Wales	C	Non-USA
Wales/PHWC-162557/2020	SARS-CoV-2	2020-05-27	B.1.1.2	GR	United Kingdom	Wales	C	Non-USA
Australia/VIC1353/2020	SARS-CoV-2	2020-04-12	B.1.1.21	GR	Australia	Victoria	C	Non-USA
Bangladesh/BCSIR-NILMRC_114/2020	SARS-CoV-2	2020-06-07	B.1.1.23	GR	Bangladesh	Rangpur	C	Non-USA
Bangladesh/BCSIR-NILMRC_100/2020	SARS-CoV-2	2020-05-23	B.1.1.23	GR	Bangladesh	Rangpur	C	Non-USA
Portugal/PT0454/2020	SARS-CoV-2	2020-04-17	B.1.1.24	GR	Portugal	Portugal	C	Non-USA
Bangladesh/BCSIR-NILMRC_231/2020	SARS-CoV-2	2020-07-06	B.1.1.25	GR	Bangladesh	Barishal	C	Non-USA
Bangladesh/CHRF_0003/2020	SARS-CoV-2	2020-04-17	B.1.1.25	O	Bangladesh	Dhaka	C	Non-USA
Oman/205034466/2020	SARS-CoV-2	2020-05-08	B.1.1.27	GR	Oman	Muscat	C	Non-USA
Oman/205041374/2020	SARS-CoV-2	2020-06-04	B.1.1.27	GR	Oman	Muscat	C	Non-USA
Brazil/L21_CD443/2020	SARS-CoV-2	2020-04-06	B.1.1.28	GR	Brazil	São Paulo	C	Non-USA
Brazil/L5_CAMPI106/2020	SARS-CoV-2	2020-04-28	B.1.1.28	GR	Brazil	São Paulo	C	Non-USA
England/LIVE-A1C0D/2020	SARS-CoV-2	2020-06-17	B.1.1.30	GR	United Kingdom	England	C	Non-USA
Netherlands/Flevoland_16/2020	SARS-CoV-2	2020-05-20	B.1.1.31	GR	Netherlands	Flevoland	C	Non-USA
Bahrain/04/2020	SARS-CoV-2	2020-06-23	B.1.1.32	GR	Bahrain	Bahrain	C	Non-USA
India/GA20/2020	SARS-CoV-2	2020-06-17	B.1.1.32	GR	India	Maharashtra	C	Non-USA
Chile/Santiago_74/2020	SARS-CoV-2	2020-04-05	B.1.1.33	GR	Chile	Santiago	C	Non-USA
Brazil/UFRJ-IBEX_58271/2020	SARS-CoV-2	2020-06-01	B.1.1.33	GR	Brazil	Rio de Janeiro	C	Non-USA
Hungary/mbl49/2020	SARS-CoV-2	2020-03-20	B.1.1.5	GR	Hungary	Baranya	C	Non-USA
Belgium/Rega-0330249/2020	SARS-CoV-2	2020-03-30	B.1.1.5	GR	Belgium	Leuven	C	Non-USA
Austria/CeMM0217/2020	SARS-CoV-2	2020-03-16	B.1.1.6	GR	Austria	Vienna	C	Non-USA
Austria/CeMM0187/2020	SARS-CoV-2	2020-03-12	B.1.1.6	GR	Austria	Vienna	C	Non-USA
Japan/NGS-CD-010/2020	SARS-CoV-2	2020-04-23	B.1.1.7	GR	Japan	Nagasaki	C	Non-USA
Thailand/Bangkok-0088/2020	SARS-CoV-2	2020-04-07	B.1.1.7	GR	Thailand	Bangkok	C	Non-USA
India/CCMB_L1542/2020	SARS-CoV-2	2020-05-26	B.1.1.8	GR	India	Telangana	C	Non-USA
India/CCMB_L1806/2020	SARS-CoV-2	2020-06-02	B.1.1.8	GR	India	Telangana	C	Non-USA
Iceland/304/2020	SARS-CoV-2	2020-03-17	B.1.102	G	Iceland	Reykjavik	C	Non-USA
Senegal/62872/2020	SARS-CoV-2	2020-06-11	B.1.102	G	Senegal	Dakar	C	Non-USA
SouthAfrica/KRISP-105/2020	SARS-CoV-2	2020-05-05	B.1.106	G	South Africa	KwaZulu-Natal	C	Non-USA
SouthAfrica/KRISP-0111/2020	SARS-CoV-2	2020-04-01	B.1.106	G	South Africa	KwaZulu-Natal	C	Non-USA
Denmark/ALAB-HH-220/2020	SARS-CoV-2	2020-04-28	B.1.107	G	Denmark	Denmark	C	Non-USA
Denmark/ALAB-HH-263/2020	SARS-CoV-2	2020-04-14	B.1.107	G	Denmark	Denmark	C	Non-USA
Luxembourg/LNS6862754/2020	SARS-CoV-2	2020-05-19	B.1.109	GH	Luxembourg	Luxembourg	C	Non-USA
Luxembourg/LNS6387933/2020	SARS-CoV-2	2020-05-15	B.1.109	GH	Luxembourg	Luxembourg	C	Non-USA
Germany/NRW-55/2020	SARS-CoV-2	2020-03-20	B.1.11	G	Germany	North Rhine Westphalia	C	Non-USA
England/LCST-24D733C/2020	SARS-CoV-2	2020-06-29	B.1.11	G	United Kingdom	England	C	Non-USA
Chile/Temuco_13/2020	SARS-CoV-2	2020-03-25	B.1.110	GH	Chile	Temuco	C	Non-USA
Chile/Temuco_10/2020	SARS-CoV-2	2020-03-26	B.1.110	GH	Chile	Temuco	C	Non-USA
Colombia/GUR-0206/2020	SARS-CoV-2	2020-03-26	B.1.111	GH	Colombia	Boyaca	C	Non-USA
Venezuela/VEN-95072/2020	SARS-CoV-2	2020-04-09	B.1.111	GH	Venezuela	Venezuela	C	Non-USA
Egypt/CUNCI-HGC6I016/2020	SARS-CoV-2	2020-06-02	B.1.113	GH	Egypt	Egypt	C	Non-USA
India/NCDC-01744/2020	SARS-CoV-2	2020-03-18	B.1.113	GH	India	Delhi	C	Non-USA
Canada/ON-UHTC_0066/2020	SARS-CoV-2	2020-04-24	B.1.114	GH	Canada	Ontario	C	Non-USA
Canada/ON-UHTC_0069/2020	SARS-CoV-2	2020-04-25	B.1.114	GH	Canada	Ontario	C	Non-USA
Israel/2020063/2020	SARS-CoV-2	2020-03-17	B.1.115	GH	Israel	Jerusalem District	C	Non-USA
Israel/2089366/2020	SARS-CoV-2	2020-04-01	B.1.115	GH	Israel	Jerusalem District	C	Non-USA
Denmark/ALAB-SSI-682/2020	SARS-CoV-2	2020-03-27	B.1.118	GH	Denmark	Denmark	C	Non-USA
Luxembourg/LNS4028260/2020	SARS-CoV-2	2020-04-13	B.1.12	GH	Luxembourg	Luxembourg	C	Non-USA
Luxembourg/LNS9102295/2020	SARS-CoV-2	2020-03-19	B.1.12	GH	Luxembourg	Luxembourg	C	Non-USA
Australia/VIC1581/2020	SARS-CoV-2	2020-05-05	B.1.121	GH	Australia	Victoria	C	Non-USA
Australia/VIC1782/2020	SARS-CoV-2	2020-05-11	B.1.121	GH	Australia	Victoria	C	Non-USA
NewZealand/20VR2556/2020	SARS-CoV-2	2020-04-15	B.1.13	GH	New Zealand	Counties Manukau	C	Non-USA
Portugal/R150/2020	SARS-CoV-2	2020-05-21	B.1.13	GH	Portugal	Lisbon	C	Non-USA
Canada/QC_AD6/2020	SARS-CoV-2	2020-04-06	B.1.2	GH	Canada	Quebec	C	Non-USA
Canada/QC_AM6/2020	SARS-CoV-2	2020-04-18	B.1.2	GH	Canada	Quebec	C	Non-USA
Ecuador/USFQ-096/2020	SARS-CoV-2	2020-06-17	B.1.21	GH	Ecuador	Quito	C	Non-USA
Netherlands/NoordHolland_29/2020	SARS-CoV-2	2020-05-02	B.1.22	GH	Netherlands	North Holland	C	Non-USA
Australia/VIC1164/2020	SARS-CoV-2	2020-04-09	B.1.22	GH	Australia	Victoria	C	Non-USA
Australia/VIC520/2020	SARS-CoV-2	2020-03-23	B.1.23	G	Australia	Victoria	C	Non-USA
Australia/VIC534/2020	SARS-CoV-2	2020-03-25	B.1.23	G	Australia	Victoria	C	Non-USA
NewZealand/20VR1865/2020	SARS-CoV-2	2020-03-30	B.1.26	GH	New Zealand	Southern	C	Non-USA
NewZealand/20VR1809/2020	SARS-CoV-2	2020-03-27	B.1.26	GH	New Zealand	Southern	C	Non-USA
Argentina/Heritas_HG015/2020	SARS-CoV-2	2020-05-18	B.1.3	GH	Argentina	Buenos Aires	C	Non-USA
Argentina/PAIS-A0006/2020	SARS-CoV-2	2020-03-28	B.1.3	GH	Argentina	Buenos Aires	C	Non-USA
Austria/CeMM0572/2020	SARS-CoV-2	2020-03-27	B.1.36	GH	Austria	Tyrol	C	Non-USA
Australia/VIC2142/2020	SARS-CoV-2	2020-06-19	B.1.36	GH	Australia	Victoria	C	Non-USA
Denmark/ALAB-HH-187/2020	SARS-CoV-2	2020-04-14	B.1.39	GH	Denmark	Denmark	C	Non-USA
Denmark/ALAB-SSI-1387/2020	SARS-CoV-2	2020-04-03	B.1.39	GH	Denmark	Denmark	C	Non-USA
Denmark/ALAB-HH-224/2020	SARS-CoV-2	2020-04-28	B.1.42	GH	Denmark	Denmark	C	Non-USA
Norway/2447/2020	SARS-CoV-2	2020-04-18	B.1.42	GH	Norway	Norway	C	Non-USA
Mexico/InDRE_28/2020	SARS-CoV-2	2020-05-29	B.1.43	GH	Mexico	Nayarit	C	Non-USA
Morocco/HMIMV-Rabat1462-04/2020	SARS-CoV-2	2020-04-19	B.1.5	G	Morocco	Rabat	C	Non-USA
Romania/ROSV_3561/2020	SARS-CoV-2	2020-04-21	B.1.5	G	Romania	Suceava	C	Non-USA
Netherlands/NA_505/2020	SARS-CoV-2	2020-03-26	B.1.5.2	G	Netherlands	Netherlands	C	Non-USA
Netherlands/NA_236/2020	SARS-CoV-2	2020-03-26	B.1.5.2	G	Netherlands	Netherlands	C	Non-USA
Ecuador/USFQ-097/2020	SARS-CoV-2	2020-06-17	B.1.5.3	G	Ecuador	Quito	C	Non-USA
Taiwan/NTU25/2020	SARS-CoV-2	2020-03-26	B.1.5.3	G	Europe	Europe	C	Non-USA
Ecuador/USFQ-133/2020	SARS-CoV-2	2020-05-02	B.1.5.5	G	Ecuador	Galapagos	C	Non-USA
Wales/PHWC-165C9B/2020	SARS-CoV-2	2020-06-07	B.1.5.9	G	United Kingdom	Wales	C	Non-USA
Wales/PHWC-1660AD/2020	SARS-CoV-2	2020-06-16	B.1.5.9	G	United Kingdom	Wales	C	Non-USA
Belgium/CK-0324150/2020	SARS-CoV-2	2020-03-24	B.1.6	G	Belgium	Ath	C	Non-USA
DRC/396/2020	SARS-CoV-2	2020-03-26	B.1.6	G	Democratic Republic of the Congo	Kinshasa	C	Non-USA
Ecuador/USFQ-110/2020	SARS-CoV-2	2020-06-30	B.1.67	G	Ecuador	Pichincha	C	Non-USA
Ecuador/USFQ-039/2020	SARS-CoV-2	2020-04-17	B.1.67	G	Ecuador	Los Rios	C	Non-USA
SouthKorea/KCDC2196/2020	SARS-CoV-2	2020-04-01	B.1.74	G	South Korea	South Korea	C	Non-USA
Netherlands/ZuidHolland_137/2020	SARS-CoV-2	2020-05-04	B.1.78	G	Netherlands	South Holland	C	Non-USA
Netherlands/ZuidHolland_200/2020	SARS-CoV-2	2020-05-04	B.1.78	G	Netherlands	South Holland	C	Non-USA
Cyprus/007/2020	SARS-CoV-2	2020-04-17	B.1.79	G	Cyprus	Cyprus	C	Non-USA
Austria/CeMM0337/2020	SARS-CoV-2	2020-04-03	B.1.8	G	Austria	Styria	C	Non-USA
Netherlands/NA_646/2020	SARS-CoV-2	2020-03-31	B.1.8	G	Netherlands	Netherlands	C	Non-USA
HongKong/HKU-200723-075/2020	SARS-CoV-2	2020-07-09	B.1.80	G	Hong Kong	Hong Kong	C	Non-USA
Australia/VIC1798/2020	SARS-CoV-2	2020-05-23	B.1.80	G	Australia	Victoria	C	Non-USA
DRC/KN-0058/2020	SARS-CoV-2	2020-03-17	B.1.84	G	Democratic Republic of the Congo	Kinshasa	C	Non-USA
DRC/2864/2020	SARS-CoV-2	2020-04-16	B.1.84	G	Democratic Republic of the Congo	Kinshasa	C	Non-USA
Romania/Buzau-292638/2020	SARS-CoV-2	2020-06-04	B.1.88	G	Romania	Buzau	C	Non-USA
Turkey/KU-019/2020	SARS-CoV-2	2020-06-05	B.1.9	GH	Turkey	Kars Province	C	Non-USA
Belgium/ULG-10184/2020	SARS-CoV-2	2020-05-10	B.1.9	GH	Belgium	Liège	C	Non-USA
Portugal/PT0265/2020	SARS-CoV-2	2020-04-04	B.1.91	G	Portugal	Portugal	C	Non-USA
Portugal/PT0246/2020	SARS-CoV-2	2020-04-02	B.1.91	G	Portugal	Portugal	C	Non-USA
Scotland/EDB5402/2020	SARS-CoV-2	2020-04-03	B.1.93	G	United Kingdom	Scotland	C	Non-USA
Scotland/EDB6118/2020	SARS-CoV-2	2020-05-13	B.1.93	G	United Kingdom	Scotland	C	Non-USA
Luxembourg/LNS1227733/2020	SARS-CoV-2	2020-04-24	B.1.94	G	Luxembourg	Luxembourg	C	Non-USA
Luxembourg/LNS7438855/2020	SARS-CoV-2	2020-04-09	B.1.94	G	Luxembourg	Luxembourg	C	Non-USA
Norway/2356-2/2020	SARS-CoV-2	2020-04-08	B.1.96	G	Norway	Norway	C	Non-USA
Taiwan/NTU29/2020	SARS-CoV-2	2020-04-12	B.11	L	Taiwan	Taiwan	C	Non-USA
Scotland/CVR3333/2020	SARS-CoV-2	2020-05-01	B.16	L	United Kingdom	Scotland	C	Non-USA
Oman/RESP-20-4400/2020	SARS-CoV-2	2020-03-21	B.2	V	Oman	Muscat	C	Non-USA
Greece/144/2020	SARS-CoV-2	2020-03-16	B.2	V	Greece	Athens	C	Non-USA
Nigeria/OS016-CV3/2020	SARS-CoV-2	2020-03-27	B.2.1	V	Nigeria	Osun State	C	Non-USA
England/CAMB-75631/2020	SARS-CoV-2	2020-03-15	B.2.1	V	United Kingdom	England	C	Non-USA
SouthKorea/KCDC2120/2020	SARS-CoV-2	2020-03-15	B.2.10	V	South Korea	South Korea	C	Non-USA
SouthKorea/KCDC2192/2020	SARS-CoV-2	2020-03-30	B.2.10	V	South Korea	South Korea	C	Non-USA
Poland/1111112/2020	SARS-CoV-2	2020-03-31	B.2.2	V	Poland	Pomorskie	C	Non-USA
HongKong/HKU-200723-029/2020	SARS-CoV-2	2020-03-15	B.2.2	V	Hong Kong	Hong Kong	C	Non-USA
NewZealand/20VR1771/2020	SARS-CoV-2	2020-03-26	B.2.4	V	New Zealand	Southern	C	Non-USA
Uruguay/UY-10/2020	SARS-CoV-2	2020-03-19	B.2.4	V	Uruguay	Montevideo	C	Non-USA
Timor-Leste/TL25/2020	SARS-CoV-2	2020-03-30	B.2.6	O	Timor-Leste	Timor-Leste	C	Non-USA
Jordan/SR-053/2020	SARS-CoV-2	2020-03-19	B.2.6	O	Jordan	Amman	C	Non-USA
Wales/PHWC-36687/2020	SARS-CoV-2	2020-05-01	B.3	L	United Kingdom	Wales	C	Non-USA
Norway/2498/2020	SARS-CoV-2	2020-05-04	B.3	O	Norway	Norway	C	Non-USA
Turkey/GLAB-CoV114/2020	SARS-CoV-2	2020-04-26	B.4	O	Turkey	Istanbul	C	Non-USA
Bahrein/BAH-15/2020	SARS-CoV-2	2020-04-04	B.4	O	Bahrain	Bahrain	C	Non-USA
Singapore/664/2020	SARS-CoV-2	2020-04-14	B.6	O	Singapore	Singapore	C	Non-USA
Timor-Leste/TL21/2020	SARS-CoV-2	2020-04-14	B.6	O	Timor-Leste	Timor-Leste	C	Non-USA
SouthAfrica/R05204/2020	SARS-CoV-2	2020-03-19	B.9	L	South Africa	Mpumalanga	C	Non-USA
USA/CT-Yale-102/2020	SARS-CoV-2	2020-04-06	A	S	USA	Ohio	C	USA-other
USA/IL-NM095/2020	SARS-CoV-2	2020-03-19	A	S	USA	Illinois	C	USA-other
USA/WA-UW-4572/2020	SARS-CoV-2	2020-03-31	A.1	O	USA	Washington	C	USA-other
USA/CA-CZB0158/2020	SARS-CoV-2	2020-04-08	A.1	S	USA	California	C	USA-other
USA/NM-UNM-00046/2020	SARS-CoV-2	2020-03-20	A.1.1	S	USA	New Mexico	C	USA-other
USA/FL-BPHL-0393/2020	SARS-CoV-2	2020-03-17	A.2	S	USA	Florida	C	USA-other
USA/WY-WYPHL-00041/2020	SARS-CoV-2	2020-03-24	A.2	S	USA	Wyoming	C	USA-other
USA/FL-BPHL-0371/2020	SARS-CoV-2	2020-04-23	A.3	S	USA	Florida	C	USA-other
USA/MN-MDH-1292/2020	SARS-CoV-2	2020-03-24	A.3	S	USA	Minnesota	C	USA-other
USA/WI-WSLH-200075/2020	SARS-CoV-2	2020-04-03	A.4	S	USA	Wisconsin	C	USA-other
USA/WI-WSLH-200062/2020	SARS-CoV-2	2020-04-02	A.4	S	USA	Wisconsin	C	USA-other
USA/CA-SR0425/2020	SARS-CoV-2	2020-03-26	A.5	S	USA	California	C	USA-other
USA/CA-CZB-1252/2020	SARS-CoV-2	2020-05-12	B	L	USA	California	C	USA-other
USA/CA-SCCPHD-UC174/2020	SARS-CoV-2	2020-03-13	B	O	USA	California	C	USA-other
USA/MI-MDHHS-SC20192/2020	SARS-CoV-2	2020-03-21	B.1	GH	USA	Michigan	C	USA-other
USA/OR-OHSU-1241/2020	SARS-CoV-2	2020-07-13	B.1	G	USA	Oregon	C	USA-other
USA/NM-UNM-00318/2020	SARS-CoV-2	2020-05-13	B.1.1	O	USA	New Mexico	C	USA-other
USA/WA-S1599/2020	SARS-CoV-2	2020-05-26	B.1.1	GR	USA	Washington	C	USA-other
USA/FL-BPHL-0668/2020	SARS-CoV-2	2020-03-13	B.1.1.1	GR	USA	Florida	C	USA-other
USA/CA-CZB-1491/2020	SARS-CoV-2	2020-03-24	B.1.1.10	GR	USA	California	C	USA-other
USA/CA-CZB-1493/2020	SARS-CoV-2	2020-03-24	B.1.1.10	GR	USA	California	C	USA-other
USA/WA-UW-11918/2020	SARS-CoV-2	2020-06-24	B.1.1.24	GR	USA	Washington	C	USA-other
USA/WA-S2288/2020	SARS-CoV-2	2020-06-10	B.1.1.26	GR	USA	Washington	C	USA-other
USA/WA-S1831/2020	SARS-CoV-2	2020-05-27	B.1.1.26	GR	USA	Washington	C	USA-other
USA/WA-UW-11399/2020	SARS-CoV-2	2020-06-23	B.1.1.32	GR	USA	Washington	C	USA-other
USA/FL-BPHL-0313/2020	SARS-CoV-2	2020-06-03	B.1.1.33	GR	USA	Florida	C	USA-other
USA/VA_NIDDL_2783/2020	SARS-CoV-2	2020-03-30	B.1.1.33	GR	USA	Virginia	C	USA-other
USA/MI-MDHHS-SC20619/2020	SARS-CoV-2	2020-04-29	B.1.103	G	USA	Michigan	C	USA-other
USA/MI-MDHHS-SC20878/2020	SARS-CoV-2	2020-05-15	B.1.103	G	USA	Michigan	C	USA-other
USA/CT-Yale-040/2020	SARS-CoV-2	2020-03-12	B.1.104	G	USA	Connecticut	C	USA-other
USA/CT-Yale-271/2020	SARS-CoV-2	2020-04-02	B.1.104	G	USA	Connecticut	C	USA-other
USA/MI-MDHHS-SC20496/2020	SARS-CoV-2	2020-05-06	B.1.106	G	USA	Michigan	C	USA-other
USA/MI-MDHHS-SC20996/2020	SARS-CoV-2	2020-05-31	B.1.106	G	USA	Michigan	C	USA-other
USA/CA-ALSR-1566/2020	SARS-CoV-2	2020-05-11	B.1.107	G	USA	California	C	USA-other
USA/CT-UW-6273/2020	SARS-CoV-2	2020-04-01	B.1.108	GH	USA	Connecticut	C	USA-other
USA/VA-DCLS-0295/2020	SARS-CoV-2	2020-04-27	B.1.108	GH	USA	Virginia	C	USA-other
USA/CA-CZB-2084/2020	SARS-CoV-2	2020-05-04	B.1.11	G	USA	California	C	USA-other
USA/CA-CZB-2051/2020	SARS-CoV-2	2020-04-22	B.1.11	G	USA	California	C	USA-other
USA/CA-CZB-1592/2020	SARS-CoV-2	2020-03-26	B.1.110	GH	USA	California	C	USA-other
USA/FL-UF-15/2020	SARS-CoV-2	2020-04-17	B.1.110	GH	USA	Florida	C	USA-other
USA/MI-MDHHS-SC20417/2020	SARS-CoV-2	2020-03-17	B.1.111	GH	USA	Michigan	C	USA-other
USA/UT-01898/2020	SARS-CoV-2	2020-04-13	B.1.112	GH	USA	Utah	C	USA-other
USA/UT-03879/2020	SARS-CoV-2	2020-04-13	B.1.112	GH	USA	Utah	C	USA-other
USA/MN-MDH-1189/2020	SARS-CoV-2	2020-05-02	B.1.116	GH	USA	Minnesota	C	USA-other
USA/MN-MDH-1024/2020	SARS-CoV-2	2020-05-07	B.1.116	GH	USA	Minnesota	C	USA-other
USA/MI-MDHHS-SC20811/2020	SARS-CoV-2	2020-05-20	B.1.119	GH	USA	Michigan	C	USA-other
USA/MI-MDHHS-SC20810/2020	SARS-CoV-2	2020-05-20	B.1.119	GH	USA	Michigan	C	USA-other
USA/WA-S907/2020	SARS-CoV-2	2020-04-27	B.1.123	GH	USA	Washington	C	USA-other
USA/WA-S750/2020	SARS-CoV-2	2020-04-13	B.1.123	O	USA	Washington	C	USA-other
USA/WA-S1590/2020	SARS-CoV-2	2020-05-26	B.1.124	GH	USA	Washington	C	USA-other
USA/WA-S919/2020	SARS-CoV-2	2020-04-25	B.1.124	GH	USA	Washington	C	USA-other
USA/OR-OHSU-1259/2020	SARS-CoV-2	2020-07-13	B.1.13	GH	USA	Oregon	C	USA-other
USA/TX-HMH0314/2020	SARS-CoV-2	2020-03-28	B.1.13	GH	USA	Texas	C	USA-other
USA/WI-UW-103/2020	SARS-CoV-2	2020-04-03	B.1.19	G	USA	Wisconsin	C	USA-other
USA/WI-UW-101/2020	SARS-CoV-2	2020-03-31	B.1.19	G	USA	Wisconsin	C	USA-other
USA/LA-GBCL-26629190/2020	SARS-CoV-2	2020-04-24	B.1.2	GH	USA	Louisiana	C	USA-other
USA/LA-GBCL-26513013/2020	SARS-CoV-2	2020-04-23	B.1.2	GH	USA	Louisiana	C	USA-other
USA/WA-UW-6480/2020	SARS-CoV-2	2020-04-03	B.1.21	GH	USA	Washington	C	USA-other
USA/WA-S1484/2020	SARS-CoV-2	2020-05-01	B.1.21	GH	USA	Washington	C	USA-other
USA/MA-MGH-00718/2020	SARS-CoV-2	2020-04-08	B.1.22	GH	USA	Massachusetts	C	USA-other
USA/OR-OHSU-1451/2020	SARS-CoV-2	2020-07-17	B.1.26	GH	USA	Oregon	C	USA-other
USA/MN-MDH-1371/2020	SARS-CoV-2	2020-06-22	B.1.26	GH	USA	Minnesota	C	USA-other
USA/WI-GMF-01316/2020	SARS-CoV-2	2020-04-06	B.1.29	GH	USA	Iowa	C	USA-other
USA/WI-GMF-01534/2020	SARS-CoV-2	2020-04-22	B.1.29	GH	USA	Iowa	C	USA-other
USA/VA-DCLS-0647/2020	SARS-CoV-2	2020-04-11	B.1.3	GH	USA	Virginia	C	USA-other
USA/CA-IGI-0111/2020	SARS-CoV-2	2020-06-19	B.1.3	GH	USA	California	C	USA-other
USA/LA-GBCL-26629198/2020	SARS-CoV-2	2020-04-23	B.1.35	GH	USA	Louisiana	C	USA-other
USA/UT-02525/2020	SARS-CoV-2	2020-04-23	B.1.35	GH	USA	Utah	C	USA-other
USA/CA-ALSR-1075-SAN/2020	SARS-CoV-2	2020-06-23	B.1.36	GH	USA	California	C	USA-other
USA/CA-IGI-0006/2020	SARS-CoV-2	2020-05-15	B.1.36	GH	USA	California	C	USA-other
USA/VA-DCLS-0075/2020	SARS-CoV-2	2020-03-29	B.1.37	GH	USA	Virginia	C	USA-other
USA/VA-DCLS-0356/2020	SARS-CoV-2	2020-05-12	B.1.37	GH	USA	Virginia	C	USA-other
USA/WA-UW-4746/2020	SARS-CoV-2	2020-03-27	B.1.38	GH	USA	Washington	C	USA-other
USA/AK-PHL152/2020	SARS-CoV-2	2020-04-07	B.1.38	GH	USA	Alaska	C	USA-other
USA/WA-UW-1750/2020	SARS-CoV-2	2020-03-21	B.1.41	GH	USA	Washington	C	USA-other
USA/WA-S323/2020	SARS-CoV-2	2020-04-02	B.1.41	GH	USA	Washington	C	USA-other
USA/FL-BPHL-0418/2020	SARS-CoV-2	2020-05-15	B.1.42	GH	USA	Florida	C	USA-other
USA/CA-ALSR-1381/2020	SARS-CoV-2	2020-03-31	B.1.43	GH	USA	California	C	USA-other
USA/WA-S536/2020	SARS-CoV-2	2020-03-24	B.1.43	GH	USA	Washington	C	USA-other
USA/LA-GBCL-26544550/2020	SARS-CoV-2	2020-04-18	B.1.44	GH	USA	Louisiana	C	USA-other
USA/MI-MDHHS-SC20418/2020	SARS-CoV-2	2020-03-16	B.1.5	G	USA	Michigan	C	USA-other
USA/CA-ALSR-1660/2020	SARS-CoV-2	2020-03-20	B.1.5	G	USA	California	C	USA-other
USA/FL-BPHL-0223/2020	SARS-CoV-2	2020-04-21	B.1.5.3	G	USA	Florida	C	USA-other
USA/FL-BPHL-0275/2020	SARS-CoV-2	2020-05-07	B.1.5.3	G	USA	Florida	C	USA-other
USA/TX-HMH0203/2020	SARS-CoV-2	2020-03-24	B.1.5.8	G	USA	Texas	C	USA-other
USA/TX-HMH0358/2020	SARS-CoV-2	2020-03-29	B.1.5.8	G	USA	Texas	C	USA-other
USA/UT-02119/2020	SARS-CoV-2	2020-04-14	B.1.68	G	USA	Utah	C	USA-other
USA/UT-02222/2020	SARS-CoV-2	2020-04-15	B.1.68	G	USA	Utah	C	USA-other
USA/VA-DCLS-0552/2020	SARS-CoV-2	2020-03-14	B.1.77	G	USA	Virginia	C	USA-other
USA/CA-CZB-2057/2020	SARS-CoV-2	2020-04-22	B.1.8	G	USA	California	C	USA-other
USA/CA-CZB-2076/2020	SARS-CoV-2	2020-05-04	B.1.8	G	USA	California	C	USA-other
USA/TX-HMH0306/2020	SARS-CoV-2	2020-03-27	B.1.83	G	USA	Texas	C	USA-other
USA/VA-DCLS-0138/2020	SARS-CoV-2	2020-04-16	B.1.85	G	USA	Virginia	C	USA-other
USA/VA-DCLS-0265/2020	SARS-CoV-2	2020-04-21	B.1.85	G	USA	Virginia	C	USA-other
USA/CA-CZB-2147/2020	SARS-CoV-2	2020-05-21	B.1.88	G	USA	California	C	USA-other
USA/CA-CZB-2123/2020	SARS-CoV-2	2020-05-22	B.1.88	G	USA	California	C	USA-other
USA/CA-ALSR-0800-SAN/2020	SARS-CoV-2	2020-03-31	B.1.89	G	USA	California	C	USA-other
USA/VA-DCLS-0466/2020	SARS-CoV-2	2020-05-06	B.1.9	GH	USA	Virginia	C	USA-other
USA/CA-CZB-1196/2020	SARS-CoV-2	2020-03-29	B.1.9	GH	USA	California	C	USA-other
USA/MN67-MDH67/2020	SARS-CoV-2	2020-03-14	B.1.96	G	USA	Minnesota	C	USA-other
USA/LA-GBCL-26513041/2020	SARS-CoV-2	2020-04-21	B.1.98	GH	USA	Louisiana	C	USA-other
USA/LA-GBCL-26544529/2020	SARS-CoV-2	2020-04-20	B.1.98	GH	USA	Louisiana	C	USA-other
USA/WI-UW-310/2020	SARS-CoV-2	2020-04-15	B.13	L	USA	Wisconsin	C	USA-other
USA/WI-UW-278/2020	SARS-CoV-2	2020-04-03	B.13	L	USA	Wisconsin	C	USA-other
USA/CA-CZB-1312/2020	SARS-CoV-2	2020-05-07	B.14	L	USA	California	C	USA-other
USA/CA-CZB-1776/2020	SARS-CoV-2	2020-03-18	B.14	O	USA	California	C	USA-other
USA/WI-UW-283/2020	SARS-CoV-2	2020-04-06	B.17	O	USA	Wisconsin	C	USA-other
USA/WI-UW-300/2020	SARS-CoV-2	2020-04-13	B.17	L	USA	Wisconsin	C	USA-other
USA/CA-CZB-1054/2020	SARS-CoV-2	2020-04-05	B.19	L	USA	California	C	USA-other
USA/CA-CZB-1051/2020	SARS-CoV-2	2020-04-06	B.19	L	USA	California	C	USA-other
USA/OR-OHSU-0380/2020	SARS-CoV-2	2020-05-08	B.2	V	USA	Oregon	C	USA-other
USA/OR-PROV-001/2020	SARS-CoV-2	2020-04-01	B.2	V	USA	Oregon	C	USA-other
USA/MN-MDH-1317/2020	SARS-CoV-2	2020-03-24	B.2.1	V	USA	Minnesota	C	USA-other
USA/MN-MDH-472/2020	SARS-CoV-2	2020-04-12	B.2.1	V	USA	Minnesota	C	USA-other
USA/WA-UW108/2020	SARS-CoV-2	2020-03-11	B.2.2	V	USA	Washington	C	USA-other
USA/MN42-MDH42/2020	SARS-CoV-2	2020-03-13	B.2.2	O	USA	Minnesota	C	USA-other
USA/FL-BPHL-0497/2020	SARS-CoV-2	2020-03-26	B.2.4	V	USA	Florida	C	USA-other
USA/CA-CZB-1083/2020	SARS-CoV-2	2020-04-09	B.20	L	USA	California	C	USA-other
USA/CA-CZB-1086/2020	SARS-CoV-2	2020-04-04	B.20	L	USA	California	C	USA-other
USA/CA-CZB016/2020	SARS-CoV-2	2020-03-25	B.3	L	USA	California	C	USA-other
USA/CA-UCSF-UC43/2020	SARS-CoV-2	2020-03-14	B.3	L	USA	California	C	USA-other
USA/WA-S771/2020	SARS-CoV-2	2020-04-13	B.4	O	USA	Washington	C	USA-other
USA/CA-CSMC10/2020	SARS-CoV-2	2020-03-27	B.4	O	USA	California	C	USA-other
USA/WA-UW168/2020	SARS-CoV-2	2020-03-13	B.6	O	USA	Washington	C	USA-other
USA/WA-S537/2020	SARS-CoV-2	2020-03-23	B.6	O	USA	Washington	C	USA-other
USA/FL-BPHL-053/2020	SARS-CoV-2	2020-04-20	None	G	USA	Florida	C	USA-other
USA/NY-WCMP4A02N/2020	SARS-CoV-2	2020-03-13	A	S	USA	New York	C	NY
USA/NY-Wadsworth-26856-01/2020	SARS-CoV-2	2020-03-21	A	S	USA	New York	C	NY
USA/NY-NYUMC102/2020	SARS-CoV-2	2020-03-18	A	S	USA	New York	C	NY
USA/NY-NYUMC37/2020	SARS-CoV-2	2020-03-18	A	S	USA	New York	C	NY
USA/NY-NYUMC535/2020	SARS-CoV-2	2020-03-30	A	S	USA	New York	C	NY
USA/NY-PV09452/2020	SARS-CoV-2	2020-03-19	A	S	USA	New York	C	NY
USA/NY-PV09156/2020	SARS-CoV-2	2020-03-21	A	S	USA	New York	C	NY
USA/NY-QDX-137/2020	SARS-CoV-2	2020-03-16	A.1	S	USA	New York	C	NY
USA/NY-NYUMC490/2020	SARS-CoV-2	2020-03-18	A.1	S	USA	New York	C	NY
USA/NY-PV09188/2020	SARS-CoV-2	2020-03-20	A.1	S	USA	New York	C	NY
USA/NY-WCMP9A05P/2020	SARS-CoV-2	2020-03-14	A.1	S	USA	New York	C	NY
USA/NY-WCMP4D04P/2020	SARS-CoV-2	2020-03-13	A.1	S	USA	New York	C	NY
USA/NY-NYUMC670/2020	SARS-CoV-2	2020-04-14	A.1	S	USA	New York	C	NY
USA/NY-PV08146/2020	SARS-CoV-2	2020-03-17	A.1	S	USA	New York	C	NY
USA/NY-PV09147/2020	SARS-CoV-2	2020-03-20	A.2	S	USA	New York	C	NY
USA/NY-PV08490/2020	SARS-CoV-2	2020-03-17	A.3	S	USA	New York	C	NY
USA/NY-NYUMC728/2020	SARS-CoV-2	2020-03-26	A.3	S	USA	New York	C	NY
USA/NY-QDX-19/2020	SARS-CoV-2	2020-03-16	A.3	S	USA	New York	C	NY
USA/NY-PV09466/2020	SARS-CoV-2	2020-03-19	A.3	S	USA	New York	C	NY
USA/NY-NYUMC894/2020	SARS-CoV-2	2020-04-30	A.3	S	USA	New York	C	NY
USA/NY-NYUMC24/2020	SARS-CoV-2	2020-03-16	A.3	S	USA	New York	C	NY
USA/NY-NYUMC754/2020	SARS-CoV-2	2020-03-20	A.3	S	USA	New York	C	NY
USA/NY-PV08441/2020	SARS-CoV-2	2020-03-18	A.5	S	USA	New York	C	NY
USA/NY-PV09392/2020	SARS-CoV-2	2020-03-19	B	G	USA	New York	C	NY
USA/NY-Wadsworth-30164-01/2020	SARS-CoV-2	2020-03-26	B	L	USA	New York	C	NY
USA/NY-WCMP4C01P/2020	SARS-CoV-2	2020-03-13	B.1	GH	USA	New York	C	NY
USA/NY-NYUMC643/2020	SARS-CoV-2	2020-04-03	B.1	GR	USA	New York	C	NY
USA/NY-NYUMC550/2020	SARS-CoV-2	2020-03-30	B.1	GH	USA	New York	C	NY
USA/NY-NYUMC294/2020	SARS-CoV-2	2020-04-04	B.1	GH	USA	New York	C	NY
USA/NY-NYUMC16/2020	SARS-CoV-2	2020-03-17	B.1	GH	USA	New York	C	NY
USA/NY-PV08400/2020	SARS-CoV-2	2020-03-15	B.1	GH	USA	New York	C	NY
USA/NY-NYUMC820/2020	SARS-CoV-2	2020-03-20	B.1	GH	USA	New York	C	NY
USA/NY-WCMP11D01N/2020	SARS-CoV-2	2020-03-16	B.1.1	GR	USA	New York	C	NY
USA/NY-NYUMC806/2020	SARS-CoV-2	2020-03-25	B.1.1	GR	USA	New York	C	NY
USA/NY-NYUMC100/2020	SARS-CoV-2	2020-03-18	B.1.1	GR	USA	New York	C	NY
USA/NY-NYUMC349/2020	SARS-CoV-2	2020-04-08	B.1.1	GR	USA	New York	C	NY
USA/NY-NYUMC668/2020	SARS-CoV-2	2020-03-17	B.1.1	GR	USA	New York	C	NY
USA/CA-UCSF-UC36/2020	SARS-CoV-2	2020-03-20	B.1.1	GR	USA	New York	C	NY
USA/NY-NYUMC601/2020	SARS-CoV-2	2020-04-03	B.1.1	GR	USA	New York	C	NY
USA/NY-NYUMC171/2020	SARS-CoV-2	2020-04-01	B.1.1.1	GR	USA	New York	C	NY
USA/NY-NYUMC509/2020	SARS-CoV-2	2020-03-30	B.1.1.33	GR	USA	New York	C	NY
USA/NY-PV09178/2020	SARS-CoV-2	2020-03-19	B.1.104	G	USA	New York	C	NY
USA/NY-NYUMC597/2020	SARS-CoV-2	2020-04-03	B.1.108	GH	USA	New York	C	NY
USA/NY-PV09369/2020	SARS-CoV-2	2020-03-17	B.1.108	GH	USA	New York	C	NY
USA/NY-PV08429/2020	SARS-CoV-2	2020-03-19	B.1.108	GH	USA	New York	C	NY
USA/NY-NYUMC462/2020	SARS-CoV-2	2020-04-20	B.1.108	GH	USA	New York	C	NY
USA/NY-NYUMC621/2020	SARS-CoV-2	2020-04-02	B.1.108	GH	USA	New York	C	NY
USA/NY-NYUMC829/2020	SARS-CoV-2	2020-03-27	B.1.108	GH	USA	New York	C	NY
USA/NY-NYUMC609/2020	SARS-CoV-2	2020-04-02	B.1.108	GH	USA	New York	C	NY
USA/NY-UW-584/2020	SARS-CoV-2	2020-06-23	B.1.112	GH	USA	New York	C	NY
USA/NY-UW-651/2020	SARS-CoV-2	2020-06-26	B.1.112	GH	USA	New York	C	NY
USA/WI-UW-793/2020	SARS-CoV-2	2020-07-05	B.1.2	GH	USA	New York	C	NY
USA/NY-PV09355/2020	SARS-CoV-2	2020-03-16	B.1.2	GH	USA	New York	C	NY
USA/NY-NYUMC582/2020	SARS-CoV-2	2020-03-30	B.1.2	GH	USA	New York	C	NY
USA/NY-NYUMC133/2020	SARS-CoV-2	2020-04-01	B.1.2	GH	USA	New York	C	NY
USA/NY-NYUMC481/2020	SARS-CoV-2	2020-04-24	B.1.2	GH	USA	New York	C	NY
USA/NY-NYUMC693/2020	SARS-CoV-2	2020-03-21	B.1.2	GH	USA	New York	C	NY
USA/NY-PV09087/2020	SARS-CoV-2	2020-03-18	B.1.2	GH	USA	New York	C	NY
USA/NY-NYUMC828/2020	SARS-CoV-2	2020-03-25	B.1.21	GH	USA	New York	C	NY
USA/NY-NYUMC619/2020	SARS-CoV-2	2020-04-02	B.1.26	GH	USA	New York	C	NY
USA/NY-NYUMC77/2020	SARS-CoV-2	2020-03-18	B.1.26	GH	USA	New York	C	NY
USA/NY-PV08143/2020	SARS-CoV-2	2020-03-17	B.1.26	GH	USA	New York	C	NY
USA/NY-NYUMC309/2020	SARS-CoV-2	2020-03-30	B.1.26	GH	USA	New York	C	NY
USA/NY-UW-MAYO27/2020	SARS-CoV-2	2020-03-20	B.1.26	GH	USA	New York	C	NY
USA/NY-PV09484/2020	SARS-CoV-2	2020-03-20	B.1.26	GH	USA	New York	C	NY
USA/NY-NYUMC542/2020	SARS-CoV-2	2020-03-30	B.1.26	GH	USA	New York	C	NY
USA/NY-NYUMC350/2020	SARS-CoV-2	2020-04-08	B.1.29	GH	USA	New York	C	NY
USA/NY-PV09164/2020	SARS-CoV-2	2020-03-21	B.1.29	GH	USA	New York	C	NY
USA/NY-WCMP10C04P/2020	SARS-CoV-2	2020-03-15	B.1.29	GH	USA	New York	C	NY
USA/NY-WCMP10H04P/2020	SARS-CoV-2	2020-03-15	B.1.29	GH	USA	New York	C	NY
USA/NY-NYUMC641/2020	SARS-CoV-2	2020-04-03	B.1.3	GH	USA	New York	C	NY
USA/NY-NYUMC231/2020	SARS-CoV-2	2020-04-06	B.1.3	GH	USA	New York	C	NY
USA/NY-NYU-VC-010/2020	SARS-CoV-2	2020-03-23	B.1.3	GH	USA	New York	C	NY
USA/NY-PV09199/2020	SARS-CoV-2	2020-03-21	B.1.3	GH	USA	New York	C	NY
USA/NY-NYUMC166/2020	SARS-CoV-2	2020-04-01	B.1.3	GH	USA	New York	C	NY
USA/NY-NYU-VC-023/2020	SARS-CoV-2	2020-04-09	B.1.3	GH	USA	New York	C	NY
USA/NY-PV09393/2020	SARS-CoV-2	2020-03-19	B.1.3	GH	USA	New York	C	NY
USA/NY-NYUMC275/2020	SARS-CoV-2	2020-04-06	B.1.41	GH	USA	New York	C	NY
USA/NY-NYUMC370/2020	SARS-CoV-2	2020-04-09	B.1.41	GH	USA	New York	C	NY
USA/NY-NYUMC731/2020	SARS-CoV-2	2020-03-26	B.1.41	GH	USA	New York	C	NY
USA/NY-PV09405/2020	SARS-CoV-2	2020-03-20	B.1.41	GH	USA	New York	C	NY
USA/NY-NYUMC913/2020	SARS-CoV-2	2020-05-07	B.1.43	GH	USA	New York	C	NY
USA/NY-NYUMC775/2020	SARS-CoV-2	2020-03-25	B.1.5	G	USA	New York	C	NY
USA/NY-NYUMC383/2020	SARS-CoV-2	2020-04-10	B.1.5	G	USA	New York	C	NY
USA/NY-Wadsworth-16080-01/2020	SARS-CoV-2	2020-03-14	B.1.5	G	USA	New York	C	NY
USA/NY-PV09432/2020	SARS-CoV-2	2020-03-12	B.1.5	G	USA	New York	C	NY
USA/NY-PV09122/2020	SARS-CoV-2	2020-03-19	B.1.5	G	USA	New York	C	NY
USA/NY-PV09115/2020	SARS-CoV-2	2020-03-19	B.1.5	G	USA	New York	C	NY
USA/NY-NYUMC809/2020	SARS-CoV-2	2020-03-27	B.1.5	G	USA	New York	C	NY
USA/NY-NYUMC210/2020	SARS-CoV-2	2020-04-03	B.2	V	USA	New York	C	NY
USA/NY-PV08498/2020	SARS-CoV-2	2020-03-17	B.2	V	USA	New York	C	NY
USA/NY-PV09154/2020	SARS-CoV-2	2020-03-22	B.2	V	USA	New York	C	NY
USA/NY-PV09067/2020	SARS-CoV-2	2020-03-20	B.2	V	USA	New York	C	NY
USA/NY-PV09063/2020	SARS-CoV-2	2020-03-20	B.2	V	USA	New York	C	NY
USA/NY-NYUMC99/2020	SARS-CoV-2	2020-03-18	B.2	V	USA	New York	C	NY
USA/NY-SURV0397/2020	SARS-CoV-2	2020-03-17	B.2	V	USA	New York	C	NY
USA/NY-NYUMC101/2020	SARS-CoV-2	2020-03-18	B.2.1	V	USA	New York	C	NY
USA/NY-NYUMC31/2020	SARS-CoV-2	2020-03-17	B.2.1	V	USA	New York	C	NY
USA/NY-NYUMC47/2020	SARS-CoV-2	2020-03-19	B.2.1	V	USA	New York	C	NY
USA/NY-NYUMC712/2020	SARS-CoV-2	2020-03-20	B.2.1	V	USA	New York	C	NY
USA/NY-QDX-105/2020	SARS-CoV-2	2020-03-12	B.2.1	V	USA	New York	C	NY
USA/NY-Wadsworth-14726-02/2020	SARS-CoV-2	2020-03-12	B.2.1	V	USA	New York	C	NY
USA/NJ-NYUMC106/2020	SARS-CoV-2	2020-03-18	B.1	GH	USA	New Jersey	C	NJ
USA/NJ-NYUMC111/2020	SARS-CoV-2	2020-03-18	A.1	S	USA	New Jersey	C	NJ
USA/NJ-NYUMC329/2020	SARS-CoV-2	2020-04-02	B.1	GH	USA	New Jersey	C	NJ
USA/NJ-NYUMC344/2020	SARS-CoV-2	2020-04-08	B.1.1	GR	USA	New Jersey	C	NJ
USA/NJ-NYUMC367/2020	SARS-CoV-2	2020-04-09	B.1	GH	USA	New Jersey	C	NJ
USA/NJ-NYUMC378/2020	SARS-CoV-2	2020-04-10	B.1	GH	USA	New Jersey	C	NJ
USA/NJ-NYUMC401/2020	SARS-CoV-2	2020-04-13	B.1	GH	USA	New Jersey	C	NJ
USA/NJ-NYUMC416/2020	SARS-CoV-2	2020-03-30	B.1	GH	USA	New Jersey	C	NJ
USA/NJ-NYUMC421/2020	SARS-CoV-2	2020-04-22	B.1	GH	USA	New Jersey	C	NJ
USA/NJ-NYUMC452/2020	SARS-CoV-2	2020-04-20	B.1.3	GH	USA	New Jersey	C	NJ
USA/NJ-NYUMC538/2020	SARS-CoV-2	2020-03-30	B.1	GH	USA	New Jersey	C	NJ
USA/NJ-NYUMC553/2020	SARS-CoV-2	2020-03-30	B.1	GH	USA	New Jersey	C	NJ
USA/NJ-NYUMC625/2020	SARS-CoV-2	2020-04-02	B.1	GH	USA	New Jersey	C	NJ
USA/NJ-NYUMC627/2020	SARS-CoV-2	2020-04-02	B.1	GH	USA	New Jersey	C	NJ
USA/NJ-NYUMC638/2020	SARS-CoV-2	2020-04-02	B.1.3	GH	USA	New Jersey	C	NJ
USA/NJ-NYUMC663/2020	SARS-CoV-2	2020-03-18	B.1	GH	USA	New Jersey	C	NJ
USA/NJ-NYUMC682/2020	SARS-CoV-2	2020-03-30	B.2	V	USA	New Jersey	C	NJ
USA/NJ-NYUMC815/2020	SARS-CoV-2	2020-03-26	B.1	GH	USA	New Jersey	C	NJ
USA/NJ-NYUMC83/2020	SARS-CoV-2	2020-03-18	B.1.3	GH	USA	New Jersey	C	NJ
USA/NJ-NYUMC831/2020	SARS-CoV-2	2020-03-21	B.1	GH	USA	New Jersey	C	NJ
USA/NJ-NYUMC84/2020	SARS-CoV-2	2020-03-18	B.1	GH	USA	New Jersey	C	NJ
USA/NJ-NYUMC841/2020	SARS-CoV-2	2020-04-26	B.1	GH	USA	New Jersey	C	NJ
USA/NJ-PV09361/2020	SARS-CoV-2	2020-03-15	B.1	GH	USA	New Jersey	C	NJ
USA/NJ-PV09465/2020	SARS-CoV-2	2020-03-19	B.1.3	GH	USA	New Jersey	C	NJ
USA/NJ-PV09473/2020	SARS-CoV-2	2020-03-19	B.1.3	GH	USA	New Jersey	C	NJ
USA/NJ-QDX-124/2020	SARS-CoV-2	2020-03-16	B.1.3	GH	USA	New Jersey	C	NJ
USA/NJ-QDX-133/2020	SARS-CoV-2	2020-03-13	B.1	GH	USA	New Jersey	C	NJ
USA/NJ-QDX-144/2020	SARS-CoV-2	2020-03-13	B.1	GH	USA	New Jersey	C	NJ
USA/NJ-QDX-39/2020	SARS-CoV-2	2020-03-14	B	L	USA	New Jersey	C	NJ
USA/NJ-QDX-55/2020	SARS-CoV-2	2020-03-14	B.1	GH	USA	New Jersey	C	NJ
USA/NJ-QDX-56/2020	SARS-CoV-2	2020-03-14	B.1	GH	USA	New Jersey	C	NJ
USA/NJ-QDX-74/2020	SARS-CoV-2	2020-03-14	B.1	GH	USA	New Jersey	C	NJ
USA/NJ-UW-557/2020	SARS-CoV-2	2020-06-25	B.1.112	GH	USA	New Jersey	C	NJ
USA/NY-NYUMC760/2020	SARS-CoV-2	2020-03-26	B.1	GH	USA	New Jersey	C	NJ
USA/MD-MDH-0067/2020	SARS-CoV-2	2020-05-25	A	S	USA	Maryland	C	MD
USA/MD-MDH-0073/2020	SARS-CoV-2	2020-05-25	A	S	USA	Maryland	C	MD
USA/MD-MDH-0079/2020	SARS-CoV-2	2020-05-25	A	S	USA	Maryland	C	MD
USA/MD-HP00058/2020	SARS-CoV-2	2020-03-19	A.1	S	USA	Maryland	C	MD
USA/MD-HP00149/2020	SARS-CoV-2	2020-03-23	A.1	S	USA	Maryland	C	MD
USA/MD-HP00030/2020	SARS-CoV-2	2020-03-20	A.3	S	USA	Maryland	C	MD
USA/MD-HP00031/2020	SARS-CoV-2	2020-03-16	A.3	S	USA	Maryland	C	MD
USA/MD-HP00065/2020	SARS-CoV-2	2020-03-15	A.3	S	USA	Maryland	C	MD
USA/MD-HP00076/2020	SARS-CoV-2	2020-03-11	A.3	S	USA	Maryland	C	MD
USA/MD-HP00086/2020	SARS-CoV-2	2020-03-20	A.3	S	USA	Maryland	C	MD
USA/MD-HP00087/2020	SARS-CoV-2	2020-03-30	A.3	S	USA	Maryland	C	MD
USA/MD-HP00098/2020	SARS-CoV-2	2020-03-26	A.3	S	USA	Maryland	C	MD
USA/MD-HP00104/2020	SARS-CoV-2	2020-03-18	A.3	S	USA	Maryland	C	MD
USA/MD-HP00112/2020	SARS-CoV-2	2020-03-29	A.3	S	USA	Maryland	C	MD
USA/MD-HP00113/2020	SARS-CoV-2	2020-03-14	A.3	S	USA	Maryland	C	MD
USA/MD-HP00120/2020	SARS-CoV-2	2020-03-19	A.3	S	USA	Maryland	C	MD
USA/MD-HP00141/2020	SARS-CoV-2	2020-03-29	A.3	S	USA	Maryland	C	MD
USA/MD-HP00153/2020	SARS-CoV-2	2020-03-24	A.3	S	USA	Maryland	C	MD
USA/MD-HP00154/2020	SARS-CoV-2	2020-03-29	A.3	S	USA	Maryland	C	MD
USA/MD-MDH-0026/2020	SARS-CoV-2	2020-04-03	A.3	S	USA	Maryland	C	MD
USA/MD-MDH-0031/2020	SARS-CoV-2	2020-04-07	A.3	S	USA	Maryland	C	MD
USA/MD-MDH-0080/2020	SARS-CoV-2	2020-05-25	A.3	S	USA	Maryland	C	MD
USA/MD-MDH-0081/2020	SARS-CoV-2	2020-05-25	A.3	S	USA	Maryland	C	MD
USA/MD-MDH-0082/2020	SARS-CoV-2	2020-05-26	A.3	S	USA	Maryland	C	MD
USA/MDH-7761/2020	SARS-CoV-2	2020-03-12	A.3	S	USA	Maryland	C	MD
USA/MDH-8144/2020	SARS-CoV-2	2020-03-13	A.3	S	USA	Maryland	C	MD
USA/MD_NIDDL_3202/2020	SARS-CoV-2	2020-04-16	A.3	S	USA	Maryland	C	MD
USA/MD-MDH-0020/2020	SARS-CoV-2	2020-04-01	B.1	GH	USA	Maryland	C	MD
USA/MD-MDH-0072/2020	SARS-CoV-2	2020-05-25	B.1	GH	USA	Maryland	C	MD
USA/MD-MDH-0062/2020	SARS-CoV-2	2020-05-26	B.1	GH	USA	Maryland	C	MD
USA/MD-MDH-0037/2020	SARS-CoV-2	2020-04-07	B.1	GH	USA	Maryland	C	MD
USA/MDH-9483/2020	SARS-CoV-2	2020-03-16	B.1	GH	USA	Maryland	C	MD
USA/MD-MDH-0025/2020	SARS-CoV-2	2020-04-02	B.1	GH	USA	Maryland	C	MD
USA/MD-HP00010/2020	SARS-CoV-2	2020-03-15	B.1	GH	USA	Maryland	C	MD
USA/MD-MDH-0056/2020	SARS-CoV-2	2020-05-26	B.1	GH	USA	Maryland	C	MD
USA/MD-MDH-0054/2020	SARS-CoV-2	2020-05-26	B.1	GH	USA	Maryland	C	MD
USA/MD-HP00067/2020	SARS-CoV-2	2020-03-11	B.1	GH	USA	Maryland	C	MD
USA/MD-MDH-0044/2020	SARS-CoV-2	2020-04-06	B.1	GH	USA	Maryland	C	MD
USA/MD-MDH-0033/2020	SARS-CoV-2	2020-04-07	B.1	GH	USA	Maryland	C	MD
USA/MD-HP00131/2020	SARS-CoV-2	2020-03-18	B.1	GH	USA	Maryland	C	MD
USA/MD-MDH-0041/2020	SARS-CoV-2	2020-04-03	B.1	GH	USA	Maryland	C	MD
USA/MD-MDH-0059/2020	SARS-CoV-2	2020-05-25	B.1	GH	USA	Maryland	C	MD
USA/MD-MDH-0048/2020	SARS-CoV-2	2020-04-12	B.1	GH	USA	Maryland	C	MD
USA/MD-HP00129/2020	SARS-CoV-2	2020-03-30	B.1	GH	USA	Maryland	C	MD
USA/MD-HP00041/2020	SARS-CoV-2	2020-03-19	B.1	GH	USA	Maryland	C	MD
USA/MD-HP00132/2020	SARS-CoV-2	2020-03-16	B.1	GH	USA	Maryland	C	MD
USA/MD-MDH-0061/2020	SARS-CoV-2	2020-05-26	B.1	GH	USA	Maryland	C	MD
USA/MD-MDH-0052/2020	SARS-CoV-2	2020-05-26	B.1	GH	USA	Maryland	C	MD
USA/MD-MDH-0046/2020	SARS-CoV-2	2020-04-08	B.1	GH	USA	Maryland	C	MD
USA/MD-MDH-0066/2020	SARS-CoV-2	2020-05-25	B.1	GH	USA	Maryland	C	MD
USA/MDH-9092/2020	SARS-CoV-2	2020-03-15	B.1	GH	USA	Maryland	C	MD
USA/MD-MDH-0029/2020	SARS-CoV-2	2020-04-07	B.1	GH	USA	Maryland	C	MD
USA/MD-HP00016/2020	SARS-CoV-2	2020-03-21	B.1	GH	USA	Maryland	C	MD
USA/MD-HP00106/2020	SARS-CoV-2	2020-03-27	B.1	GH	USA	Maryland	C	MD
USA/MD-HP00077/2020	SARS-CoV-2	2020-03-17	B.1	GH	USA	Maryland	C	MD
USA/MD-HP00036/2020	SARS-CoV-2	2020-03-19	B.1	GH	USA	Maryland	C	MD
USA/MD-HP00018/2020	SARS-CoV-2	2020-03-19	B.1	GH	USA	Maryland	C	MD
USA/MD-HP00020/2020	SARS-CoV-2	2020-03-14	B.1.1	GR	USA	Maryland	C	MD
USA/MD-HP00044/2020	SARS-CoV-2	2020-03-24	B.1.1	GR	USA	Maryland	C	MD
USA/MD-HP00061/2020	SARS-CoV-2	2020-03-16	B.1.1	GR	USA	Maryland	C	MD
USA/MD-HP00062/2020	SARS-CoV-2	2020-03-13	B.1.1	GR	USA	Maryland	C	MD
USA/MD-HP00079/2020	SARS-CoV-2	2020-03-17	B.1.1	GR	USA	Maryland	C	MD
USA/MD-HP00085/2020	SARS-CoV-2	2020-03-26	B.1.1	GR	USA	Maryland	C	MD
USA/MD-HP00093/2020	SARS-CoV-2	2020-03-31	B.1.1	GR	USA	Maryland	C	MD
USA/MD-HP00101/2020	SARS-CoV-2	2020-03-18	B.1.1	GR	USA	Maryland	C	MD
USA/MD-HP00105/2020	SARS-CoV-2	2020-03-17	B.1.1	GR	USA	Maryland	C	MD
USA/MD-HP00110/2020	SARS-CoV-2	2020-03-25	B.1.1	GR	USA	Maryland	C	MD
USA/MD-HP00143/2020	SARS-CoV-2	2020-03-17	B.1.1	GR	USA	Maryland	C	MD
USA/MD-HP00147/2020	SARS-CoV-2	2020-03-30	B.1.1	GR	USA	Maryland	C	MD
USA/MD-HP00157/2020	SARS-CoV-2	2020-03-17	B.1.1	GR	USA	Maryland	C	MD
USA/MD-HP00114/2020	SARS-CoV-2	2020-03-24	B.1.104	G	USA	Maryland	C	MD
USA/MD-HP00069/2020	SARS-CoV-2	2020-03-21	B.1.108	GH	USA	Maryland	C	MD
USA/MD-MDH-0021/2020	SARS-CoV-2	2020-04-01	B.1.108	GH	USA	Maryland	C	MD
USA/MD-MDH-0047/2020	SARS-CoV-2	2020-04-11	B.1.110	G	USA	Maryland	C	MD
USA/MD-HP00017/2020	SARS-CoV-2	2020-03-20	B.1.2	GH	USA	Maryland	C	MD
USA/MD-HP00156/2020	SARS-CoV-2	2020-03-18	B.1.2	GH	USA	Maryland	C	MD
USA/MD-MDH-0030/2020	SARS-CoV-2	2020-04-06	B.1.2	GH	USA	Maryland	C	MD
USA/MD-HP00127/2020	SARS-CoV-2	2020-03-24	B.1.26	GH	USA	Maryland	C	MD
USA/MD-MDH-0039/2020	SARS-CoV-2	2020-04-08	B.1.26	GH	USA	Maryland	C	MD
USA/MD-MDH-0050/2020	SARS-CoV-2	2020-05-26	B.1.26	GH	USA	Maryland	C	MD
USA/MD-MDH-0084/2020	SARS-CoV-2	2020-05-25	B.1.26	GH	USA	Maryland	C	MD
USA/MD-MDH-0085/2020	SARS-CoV-2	2020-05-26	B.1.26	GH	USA	Maryland	C	MD
USA/MD-MDH-0086/2020	SARS-CoV-2	2020-05-26	B.1.26	GH	USA	Maryland	C	MD
USA/MD-MDH-0087/2020	SARS-CoV-2	2020-05-26	B.1.26	GH	USA	Maryland	C	MD
USA/MD-HP00097/2020	SARS-CoV-2	2020-03-24	B.1.3	GH	USA	Maryland	C	MD
USA/MD-HP00140/2020	SARS-CoV-2	2020-03-22	B.1.3	GH	USA	Maryland	C	MD
USA/MD-MDH-0043/2020	SARS-CoV-2	2020-04-04	B.1.3	GH	USA	Maryland	C	MD
USA/MD-MDH-0045/2020	SARS-CoV-2	2020-04-06	B.1.3	GH	USA	Maryland	C	MD
USA/MD-UW-MAYO66/2020	SARS-CoV-2	2020-03-19	B.1.3	GH	USA	Maryland	C	MD
USA/MD-HP00039/2020	SARS-CoV-2	2020-03-16	B.1.37	GH	USA	Maryland	C	MD
USA/MD-HP00119/2020	SARS-CoV-2	2020-03-18	B.1.37	GH	USA	Maryland	C	MD
USA/MDH-7760/2020	SARS-CoV-2	2020-03-12	B.1.5	G	USA	Maryland	C	MD
USA/MD-HP00032/2020	SARS-CoV-2	2020-03-21	B.2.1	V	USA	Maryland	C	MD
USA/MD-HP00055/2020	SARS-CoV-2	2020-03-20	B.2.1	V	USA	Maryland	C	MD
USA/MD-MDH-0019/2020	SARS-CoV-2	2020-04-01	B.2.1	V	USA	Maryland	C	MD
USA/MD-MDH-0022/2020	SARS-CoV-2	2020-04-01	B.2.1	V	USA	Maryland	C	MD
USA/MD-MDH-0027/2020	SARS-CoV-2	2020-04-04	B.2.1	V	USA	Maryland	C	MD
USA/MD-MDH-0028/2020	SARS-CoV-2	2020-04-04	B.2.1	V	USA	Maryland	C	MD
USA/MD-HP00123/2020	SARS-CoV-2	2020-03-19	B.6	O	USA	Maryland	C	MD
